old_name,new_name,sha256,rows,fields,size_bytes
,01_第3到第8部分_最终修正版/README_中文字体修复说明.py,ff496f99428446451995cc113ed133f153f44fad726d9148c4b0405b8d56a98b,,,392
,01_第3到第8部分_最终修正版/README_总说明.txt,4a8a6b26ad5d547499ee48806c6435c46c794450d6e77856c5ef391f8b2638a5,,,849
,01_第3到第8部分_最终修正版/README_补全说明.txt,41cb8e731a3ba90e5d146180bbc1ebe154feb8ef9a1bfa576070de73af3d3bfb,,,294
,01_第3到第8部分_最终修正版/plot_font_setup_cn.py,404bbc74fee09a13c5684e1f1fd71bd892ad5ab80eda9b02c69e176160aef959,,,919
,01_第3到第8部分_最终修正版/第3部分_文本分析总设计/README_四级十二类重建说明.md,b67639e468a4d12b4adf3d808b7e40445554a4cd6f4962513449d1a8072b6502,,,531
,01_第3到第8部分_最终修正版/第3部分_文本分析总设计/README_本部分文件总说明.txt,96e5560b3eb7d08fa70a1d6e3b656244b0a71da88101742738bfc5420fe5a927,,,1196
,01_第3到第8部分_最终修正版/第3部分_文本分析总设计/（3.1）质性内容分析与人工框架建模/PPP_120篇试编码样本清单.xlsx,802d2f393d651cd38dc726d002120deb58cd7ee40eb44ae8efad325ebe61184d,120篇试编码样本:121x10;分阶段地区分布:117x3;分阶段文种分布:6x3,,18894
,01_第3到第8部分_最终修正版/第3部分_文本分析总设计/（3.1）质性内容分析与人工框架建模/PPP_V2正式试编码结果.xlsx,190c55b24d54ed774765152b7f650117d215f633e562a93973871c7df6d1bb17,120篇文档评分矩阵:121x15;二级类目覆盖率:10x9;一级维度摘要:4x5,,26584
,01_第3到第8部分_最终修正版/第3部分_文本分析总设计/（3.1）质性内容分析与人工框架建模/PPP_代码本_V3_四级十二类_正式版.xlsx,7644ebf1cb76a1c248c994a592b15a5c0b13e3eb37761746176e0ac0fdbf9ec5,代码本V3_四级十二类:13x9;旧版到新版映射:17x4;一级主题摘要:5x5,,15213
,01_第3到第8部分_最终修正版/第3部分_文本分析总设计/（3.1）质性内容分析与人工框架建模/README_本环节文件说明.txt,74ff7d97bd880967a0553a12f4721494dbb4849835a9b75dfe9509ea42416087,,,324
,01_第3到第8部分_最终修正版/第3部分_文本分析总设计/（3.2）词典法构建种子词表/PPP_正式词典_V2_四级十二类_正式版.xlsx,7adbd3f150ad4490178aa4dbb8487a3f5ce10ea1c6456d0b96859ba7b16d8a1e,正式词典V2_建议入库:227x9;全量候选词:227x11;噪声词与混淆清单:18x5,,35995
,01_第3到第8部分_最终修正版/第3部分_文本分析总设计/（3.2）词典法构建种子词表/README_本环节文件说明.txt,efb761d9ce68faef9ee921b9d0a87bd63b0d3ab016ac45e18a96abdf5e35f954,,,130
,01_第3到第8部分_最终修正版/第3部分_文本分析总设计/（3.3）Word2Vec扩词/PPP_W2V_建议扩展词_V2_实际执行版.csv,dcc7fe4064e1c800ac6357ef8bc15bb88265dcdb366d5c1bf7ca3505522376ca,66,15,17052
,01_第3到第8部分_最终修正版/第3部分_文本分析总设计/（3.3）Word2Vec扩词/PPP_Word2Vec扩词结果_V2_四级十二类_实际执行版.xlsx,f60ec52f319d043b383a8c35cd5fd03db1a910af82bccd28354737d8193d8221,训练摘要:17x2;建议扩展词:67x15;待人工复核:145x15,,66050
,01_第3到第8部分_最终修正版/第3部分_文本分析总设计/（3.3）Word2Vec扩词/README_本环节文件说明.txt,71115549c2a29796aa6a1d02c5461e25b9f2319483a7d5031e61a8912e9ccc24,,,131
,01_第3到第8部分_最终修正版/第3部分_文本分析总设计/（3.4）BERTopic主题识别与主题解释映射/PPP_BERTopic文档主题分配_V2_四级十二类_实际执行版.csv,3f2b981322565e1af3ea3b7a3b0c3129fcfaa218aa714992d337813c27e76001,1472,10,353949
,01_第3到第8部分_最终修正版/第3部分_文本分析总设计/（3.4）BERTopic主题识别与主题解释映射/PPP_BERTopic正式版_V2_四级十二类_实际执行版.xlsx,bd3be7140192808e59aeedcf1c4057b2a51053f7ed924f025e2a7c0fe3095113,主题总表:25x11;主题映射:25x10;代表性文本:121x8,,175995
,01_第3到第8部分_最终修正版/第3部分_文本分析总设计/（3.4）BERTopic主题识别与主题解释映射/README_本环节文件说明.txt,577086be39f727d1aa168b2aae1313e1effde542a956584e896aeadf4ab806f9,,,218
01_第3到第8部分_最终修正版/第3部分_文本分析总设计/（3.5）可选监督分类增强/PPP_deep_autocoding_bestmodel_v1.csv,01_第3到第8部分_最终修正版/第3部分_文本分析总设计/（3.5）可选监督分类增强/PPP_deep_autocoding_bestmodel_v2_四级十二类_实际执行版.csv,3c504ada418688774d0214fbf0722c22d4487b959e1ae671a34be1a66ef4ea55,120,12,14893
01_第3到第8部分_最终修正版/第3部分_文本分析总设计/（3.5）可选监督分类增强/PPP_deep_autocoding_bestmodel_v1.dta,01_第3到第8部分_最终修正版/第3部分_文本分析总设计/（3.5）可选监督分类增强/PPP_deep_autocoding_bestmodel_v2_四级十二类_实际执行版.dta,142b34d3397801a39d123b346b126f33f39226c0ca95c8f34fd28ad7f3d68fe4,120,12,25275
01_第3到第8部分_最终修正版/第3部分_文本分析总设计/（3.5）可选监督分类增强/PPP_supervised_autocoding_v1.csv,01_第3到第8部分_最终修正版/第3部分_文本分析总设计/（3.5）可选监督分类增强/PPP_supervised_autocoding_v2_四级十二类_实际执行版.csv,92a109794083ce49983cbadcb1e75460d574cacaaeeffa67a983618d157ace55,1472,21,433485
01_第3到第8部分_最终修正版/第3部分_文本分析总设计/（3.5）可选监督分类增强/PPP_supervised_autocoding_v1.dta,01_第3到第8部分_最终修正版/第3部分_文本分析总设计/（3.5）可选监督分类增强/PPP_supervised_autocoding_v2_四级十二类_实际执行版.dta,a009d50a7b14b989a5e5675edf2796957bb44beaf35b607038591f8f7df03aee,1472,21,340779
01_第3到第8部分_最终修正版/第3部分_文本分析总设计/（3.5）可选监督分类增强/PPP_第3部分可选监督分类环节_V1.xlsx,01_第3到第8部分_最终修正版/第3部分_文本分析总设计/（3.5）可选监督分类增强/PPP_第3部分可选监督分类环节_V2_四级十二类_实际执行版.xlsx,3262258cde0d28f88709dbd5264e0b803d585bb73301d834530602eda0078d9e,环节定位与文献依据:9x3;试跑设定:10x2;模型比较结果:4x7,,294128
01_第3到第8部分_最终修正版/第3部分_文本分析总设计/（3.5）可选监督分类增强/PPP_第3部分深度学习终版增强_V1.xlsx,01_第3到第8部分_最终修正版/第3部分_文本分析总设计/（3.5）可选监督分类增强/PPP_第3部分深度学习终版增强_V2_四级十二类_实际执行版.xlsx,1a61604a0900371bef3fe1648b10f555f7d22d2cc803451825ba31065d64da47,模型比较总表:5x12;分标签指标:37x6;训练测试划分:9x2,,17029
,01_第3到第8部分_最终修正版/第3部分_文本分析总设计/（3.5）可选监督分类增强/README_本环节文件说明.txt,4b73eaa615bdf67ab61288dff3e1bb902381f81b20850c800ed3fec90f5afa37,,,794
01_第3到第8部分_最终修正版/第3部分_文本分析总设计/（3.5）可选监督分类增强/train_deep_supervised_enhancement_final_v1.py,01_第3到第8部分_最终修正版/第3部分_文本分析总设计/（3.5）可选监督分类增强/train_deep_supervised_enhancement_final_v2.py,09c053079582501e594783261173320a31f79ef54d1cd4c81f5d8767038a3061,,,14640
01_第3到第8部分_最终修正版/第3部分_文本分析总设计/（3.5）可选监督分类增强/train_optional_supervised_classifier_v1.py,01_第3到第8部分_最终修正版/第3部分_文本分析总设计/（3.5）可选监督分类增强/train_optional_supervised_classifier_v2.py,43efd3790615474e65be644c6c6e54a446e63e4745c958ee6da6604e59d0164d,,,3568
,01_第3到第8部分_最终修正版/第4部分_文本变量构造/README_本部分文件总说明.txt,78186bb801680985ef52d2d970ead853070c08db838f5f863796d27aaf3b161f,,,683
,01_第3到第8部分_最终修正版/第4部分_文本变量构造/（4.1-4.4）文本变量构造与输出/PPP_doc_level_variables_v2_四级十二类_实际执行版.csv,27fa281c6a25605418fd515137de2de0c2dd4721317f4741ba7aa1f1d3e71a37,1472,94,1347080
,01_第3到第8部分_最终修正版/第4部分_文本变量构造/（4.1-4.4）文本变量构造与输出/PPP_doc_level_variables_v2_四级十二类_实际执行版.dta,94076bbd723ac1bb5d042d2659ead738ff591cd26c2886dc2b88fdf86503fd74,1472,94,1554795
,01_第3到第8部分_最终修正版/第4部分_文本变量构造/（4.1-4.4）文本变量构造与输出/PPP_province_year_variables_v2_四级十二类_实际执行版.csv,5a7b5d92a9e3b8d30b0b56da6f587398c52cadf2e5860f02b2d15d389d6f5c8d,251,85,166589
,01_第3到第8部分_最终修正版/第4部分_文本变量构造/（4.1-4.4）文本变量构造与输出/PPP_province_year_variables_v2_四级十二类_实际执行版.dta,be0aa9990b687966407f5477280712dc482c453e620521b2e5d3539e1cbe5f76,251,85,204802
,01_第3到第8部分_最终修正版/第4部分_文本变量构造/（4.1-4.4）文本变量构造与输出/PPP_year_variables_v2_四级十二类_实际执行版.csv,6d0341e9c64e98221eae328158042ed6807eda360dc787b4d30ed20b36584426,13,85,13671
,01_第3到第8部分_最终修正版/第4部分_文本变量构造/（4.1-4.4）文本变量构造与输出/PPP_year_variables_v2_四级十二类_实际执行版.dta,cccbb582886f8b9c1c792bbc9746fc548962f9b92bf8c92ac110ff1cb1cfb39e,13,85,62807
,01_第3到第8部分_最终修正版/第4部分_文本变量构造/（4.1-4.4）文本变量构造与输出/PPP_第4部分_文本变量构造结果_V2_四级十二类_实际执行版.xlsx,99167a19502ef7b90f0748a4949259c16ef790244c539fc899a912904450940e,文档级变量:501x94;省-年面板变量:252x85;年份汇总变量:14x85,,426708
,01_第3到第8部分_最终修正版/第4部分_文本变量构造/（4.1-4.4）文本变量构造与输出/README_四级十二类重建说明.md,4fe3ecc45ead573127e9a4efd2ef2f855a1ec4a623e1e012efb6eba2398a2a44,,,955
,01_第3到第8部分_最终修正版/第4部分_文本变量构造/（4.1-4.4）文本变量构造与输出/README_本环节文件说明.txt,0e00d8db5ed447322ef91a6aee0d47e560a4d421fca1a8392ed87747924853f7,,,872
01_第3到第8部分_最终修正版/第4部分_文本变量构造/（4.1-4.4）文本变量构造与输出/build_ppp_text_variables_v1.py,01_第3到第8部分_最终修正版/第4部分_文本变量构造/（4.1-4.4）文本变量构造与输出/build_ppp_text_variables_v2.py,d1c051779dadf059aeec57d69f18a59f65735cc62e4d609ca7cfdcf25904eebc,,,3495
01_第3到第8部分_最终修正版/第4部分_文本变量构造/（4.1-4.4）文本变量构造与输出/prepare_ppp_text_vars_for_stata_v1.do,01_第3到第8部分_最终修正版/第4部分_文本变量构造/（4.1-4.4）文本变量构造与输出/prepare_ppp_text_vars_for_stata_v2_四级十二类_实际执行版.do,9a80363db511395e905428d6a5511899fbac312f6bf128b58e991fd26cc4966f,,,659
,01_第3到第8部分_最终修正版/第5部分_核心实证识别/README_本部分文件总说明.txt,76c5740f9a36ec00eecd5d9e195ee2ab49af196bee3b46aa54fd94f65f5f1131,,,1422
,01_第3到第8部分_最终修正版/第5部分_核心实证识别/（5.1）识别框架、并表与模型设定/PPP_3.6_model_ready_panel_v2_四级十二类_实际执行版.csv,08e628666053f74e4d6bd119a64a55f483f78170ac6215bdb8d6d4c482ccd662,268,113,248226
,01_第3到第8部分_最终修正版/第5部分_核心实证识别/（5.1）识别框架、并表与模型设定/PPP_3.6_model_ready_panel_v2_四级十二类_实际执行版.dta,052239062a2c567ea5166c3639c633b5b2328fe7a612376c813dddfa5f56516f,268,113,315147
01_第3到第8部分_最终修正版/第5部分_核心实证识别/（5.1）识别框架、并表与模型设定/PPP_3.6_twfe_models_v1.do,01_第3到第8部分_最终修正版/第5部分_核心实证识别/（5.1）识别框架、并表与模型设定/PPP_3.6_twfe_models_v2_四级十二类_实际执行版.do,1fbf46989e85a5a0f0868222ed1c8812ddee3aa5f10e441ee4dce514051cf34f,,,1871
,01_第3到第8部分_最终修正版/第5部分_核心实证识别/（5.1）识别框架、并表与模型设定/PPP_第5部分_5.1并表与模型设定_V2_四级十二类_实际执行版.xlsx,69f2b72cf12d2f52b5a52aece4b534612334b91a6c09e19d6302508ec38dcda5,并表说明:11x2;model_ready_panel_前500行:269x112;变量定义:43x3,,189728
,01_第3到第8部分_最终修正版/第5部分_核心实证识别/（5.1）识别框架、并表与模型设定/README_四级十二类重建说明.md,127aac8ffa4617f9236cf8310681dda2c490406160f6180e1d7a8780a646e4a6,,,851
,01_第3到第8部分_最终修正版/第5部分_核心实证识别/（5.1）识别框架、并表与模型设定/README_本环节文件说明.txt,4fa9a396174c6a104a2d63ed15a0e8202d18f4d6a87901540797035d20f1a3cb,,,506
01_第3到第8部分_最终修正版/第5部分_核心实证识别/（5.1）识别框架、并表与模型设定/build_ppp_model_ready_panel_v1.py,01_第3到第8部分_最终修正版/第5部分_核心实证识别/（5.1）识别框架、并表与模型设定/build_ppp_model_ready_panel_v2.py,6254f96514b14b520fd804f92fc8d8eb47df4af2d8098af0cc6781bc50fe69cd,,,278
,01_第3到第8部分_最终修正版/第5部分_核心实证识别/（5.2）描述统计、处理时点与样本结构诊断/PPP_第5部分_5.2描述统计与样本结构诊断_V2_四级十二类_实际执行版.xlsx,a994c595310ec3b161305a01e10f971401fdf070b2f9898060e99add44d59a9a,诊断说明:11x2;描述统计:30x9;缺失率:111x3,,13653
,01_第3到第8部分_最终修正版/第5部分_核心实证识别/（5.2）描述统计、处理时点与样本结构诊断/README_本环节文件说明.txt,1d8521fe639db878cbd638b3f4dd7a37463638025e77172080d7cd12adf540b4,,,290
01_第3到第8部分_最终修正版/第5部分_核心实证识别/（5.2）描述统计、处理时点与样本结构诊断/section5_2_descriptive_diagnostics_v1.py,01_第3到第8部分_最终修正版/第5部分_核心实证识别/（5.2）描述统计、处理时点与样本结构诊断/section5_2_descriptive_diagnostics_v2.py,119d415e88a9bf1c374b17ea7712ae51e9482e1a90d1b827cf988ebe70032117,,,593
,01_第3到第8部分_最终修正版/第5部分_核心实证识别/（5.3）基准多期DID_TWFE正式回归/PPP_第5部分_5.3基准多期DID正式回归_V2_四级十二类_实际执行版.xlsx,7af360dbdd7779b46e698b643d15f5d252967bec1fca7e3a4e5a5237d694007b,核心结论:13x2;正式回归结果长表:16x15;结果汇总表:6x13,,69461
,01_第3到第8部分_最终修正版/第5部分_核心实证识别/（5.3）基准多期DID_TWFE正式回归/PPP_第5部分_5.3正式回归结果长表_V2_四级十二类_实际执行版.csv,b40c56015fb8b873eaaeca0ab68314385730132157eb00abc7bdd8c795393791,15,15,2874
01_第3到第8部分_最终修正版/第5部分_核心实证识别/（5.3）基准多期DID_TWFE正式回归/PPP_第5部分第3批_基准多期DID正式回归_V1.do,01_第3到第8部分_最终修正版/第5部分_核心实证识别/（5.3）基准多期DID_TWFE正式回归/PPP_第5部分第3批_基准多期DID正式回归_V2_四级十二类_实际执行版.do,6ee7aaa19d21b67699fb838851294578e695a23513db39f1a57cc2a49c4ceed3,,,1027
,01_第3到第8部分_最终修正版/第5部分_核心实证识别/（5.3）基准多期DID_TWFE正式回归/README_四级十二类_5.3说明.md,b5ab8fac7012f105f837c247619cd2e9ae84a3e4baa9f96134968f3210906d9a,,,987
,01_第3到第8部分_最终修正版/第5部分_核心实证识别/（5.3）基准多期DID_TWFE正式回归/README_本环节文件说明.txt,ffe46a5a54baec36917a883ca883cf67dec82507e9853d552d1879e090c9c5e1,,,568
01_第3到第8部分_最终修正版/第5部分_核心实证识别/（5.3）基准多期DID_TWFE正式回归/run_ppp_baseline_regressions_v1.py,01_第3到第8部分_最终修正版/第5部分_核心实证识别/（5.3）基准多期DID_TWFE正式回归/run_ppp_baseline_regressions_v2.py,93bc30cf1d15405576fc18469a0a8bbfaefbb309c803d4172a0da9ac0e9234c1,,,830
01_第3到第8部分_最终修正版/第5部分_核心实证识别/（5.3）基准多期DID_TWFE正式回归/section5_3_baseline_did_v1.py,01_第3到第8部分_最终修正版/第5部分_核心实证识别/（5.3）基准多期DID_TWFE正式回归/section5_3_baseline_did_v2.py,3419a94aeed422de580522246315ed62fecfcd5d9ea9f9f5f62a1e4a01b48da9,,,1168
,01_第3到第8部分_最终修正版/第5部分_核心实证识别/（5.4）事件研究法与平行趋势检验/PPP_事件研究_exec_share_V2_四级十二类.png,4483bd4f1ccbc9007030082ee65b4f8fb90fb299f6350312749581b6983ebe04,,,52744
,01_第3到第8部分_最终修正版/第5部分_核心实证识别/（5.4）事件研究法与平行趋势检验/PPP_事件研究_ppp_quality_zindex_V2_四级十二类.png,3d3ebd2853b28f7c3115bc45ca5c02bbf8b1394fc39b5c8d601e30db59d62a08,,,52836
,01_第3到第8部分_最终修正版/第5部分_核心实证识别/（5.4）事件研究法与平行趋势检验/PPP_事件研究_proc_share_V2_四级十二类.png,e37bd591bff96110271b23a43f0ff5edb1b2e1385c823ad071ca003ec564bdc4,,,59106
,01_第3到第8部分_最终修正版/第5部分_核心实证识别/（5.4）事件研究法与平行趋势检验/PPP_第5部分_5.4事件研究与平行趋势检验_V2_四级十二类_实际执行版.xlsx,2fb962f71c33a421c5d657846959ee2f6fd0108011d287cfe8229f1387a12950,诊断说明:7x2;事件研究摘要:4x17;动态系数长表:19x9,,12024
,01_第3到第8部分_最终修正版/第5部分_核心实证识别/（5.4）事件研究法与平行趋势检验/PPP_第5部分_5.4动态系数长表_V2_四级十二类_实际执行版.csv,b1778f280d9755bbbb57c4f79e8e83d33b05c9c25d6ab537be82a006dfaf4e1c,18,9,2012
,01_第3到第8部分_最终修正版/第5部分_核心实证识别/（5.4）事件研究法与平行趋势检验/README_本环节文件说明.txt,8f9d0f5d3ef5ebfce59a33aac7f9d1bc9b7ae1fcf33f19be26c944da091b9429,,,514
01_第3到第8部分_最终修正版/第5部分_核心实证识别/（5.4）事件研究法与平行趋势检验/section5_4_event_study_v1.py,01_第3到第8部分_最终修正版/第5部分_核心实证识别/（5.4）事件研究法与平行趋势检验/section5_4_event_study_v2.py,d995f286b700e99a30943d8bc83c32f3b860cf71e309897caec5f33c7e7c10aa,,,1189
,01_第3到第8部分_最终修正版/第6部分_机制检验/README_本部分文件总说明.txt,de22a76e2631c7a3e0aa5c9660ec4397e352f9485de31fffc3109dad6ebe2388,,,668
01_第3到第8部分_最终修正版/第6部分_机制检验/（6.1-6.4）机制检验主体与多机制比较/PPP_第5部分第5批_机制检验_V1.do,01_第3到第8部分_最终修正版/第6部分_机制检验/（6.1-6.4）机制检验主体与多机制比较/PPP_第5部分第5批_机制检验_V2_四级十二类_实际执行版.do,5ee96fb8bfa1424c99f35a3741181f11aef189b645aa67f93427108df9c1fec6,,,1164
,01_第3到第8部分_最终修正版/第6部分_机制检验/（6.1-6.4）机制检验主体与多机制比较/PPP_第6部分_6.1-6.4机制检验_V2_四级十二类_实际执行版.xlsx,e848067a7a70507e36f2ec600ded27295327787c6d1b61127077f72f298968ba,核心结论:10x2;一阶段机制回归:19x11;一阶段系数汇总:7x4,,18309
,01_第3到第8部分_最终修正版/第6部分_机制检验/（6.1-6.4）机制检验主体与多机制比较/PPP_第6部分_6.1-6.4结果方程含中介_V2_四级十二类_实际执行版.csv,df478344b34eacdc9c072f2275241842445f6bd7c0d986351ad729ee54c926fd,36,13,5935
,01_第3到第8部分_最终修正版/第6部分_机制检验/（6.1-6.4）机制检验主体与多机制比较/README_四级十二类_6.1-6.4说明.md,f6e5048eed1bcd1c29ca60780fb40c66c0fbee69da6eb3ef856883278cb858b3,,,1971
,01_第3到第8部分_最终修正版/第6部分_机制检验/（6.1-6.4）机制检验主体与多机制比较/README_本环节文件说明.txt,d8de6c8953cd4b9fe98af5a3dd8eb2a954e8c06d774598b7166c03f588b028d1,,,269
,01_第3到第8部分_最终修正版/第6部分_机制检验/（6.5）链式机制检验/PPP_第6部分_6.5链式机制检验_V2_四级十二类_实际执行版.xlsx,ab2b9169bc90ffe0bb3f90039d0185f7dc6c76e76b9ce57cc9f09043a2b334d6,核心结论:10x2;链式方程结果:11x13;关键路径汇总:6x5,,10462
,01_第3到第8部分_最终修正版/第6部分_机制检验/（6.5）链式机制检验/PPP_第6部分_6.5链式机制路径长表_V2_四级十二类_实际执行版.csv,b2691ef2cff96e0ceb11a20b55f093447508d54e67c1df7dbf20ecfeb8681894,10,13,1692
01_第3到第8部分_最终修正版/第6部分_机制检验/（6.5）链式机制检验/PPP_第6部分第1批_6.5链式机制检验_V1.do,01_第3到第8部分_最终修正版/第6部分_机制检验/（6.5）链式机制检验/PPP_第6部分第1批_6.5链式机制检验_V2_四级十二类_实际执行版.do,0d4f16c3fe45ba4ad92c8fc168e4db12512ab28f8fc88e3b7231b8b12a8ae3b8,,,770
,01_第3到第8部分_最终修正版/第6部分_机制检验/（6.5）链式机制检验/README_四级十二类_6.5说明.md,d69f06fa5b180fc71f765ec668037dfe38de815693e830ea5f0d85876dcb09d8,,,1110
,01_第3到第8部分_最终修正版/第6部分_机制检验/（6.5）链式机制检验/README_本环节文件说明.txt,c9c8689f7f03d847c14fb7e55640dcf6eb19eda4c7635cf6e4f035af0d51b2f0,,,258
,01_第3到第8部分_最终修正版/第6部分_机制检验/（6.6）严格中介效应分解/PPP_第6部分_6.6严格中介效应分解_V2_四级十二类_实际执行版.xlsx,19a1cdd523c9ff901ec60bd12e1a6d5258d823516124639ed866c2634078af47,分析说明:13x2;Sobel_OriginalBootstrap:4x25;Bootstrap分布长表:3001x3,,86858
,01_第3到第8部分_最终修正版/第6部分_机制检验/（6.6）严格中介效应分解/PPP_第6部分_6.6严格中介效应分解结果长表_V2_四级十二类_实际执行版.csv,32e05dc004ee4143119dcc8175e1c955954c291a694b86472b5090536e84a701,3,25,1509
,01_第3到第8部分_最终修正版/第6部分_机制检验/（6.6）严格中介效应分解/PPP_第6部分第2批_6.6严格中介效应分解_原版Bootstrap_V2.do,857bd3d4eeb53288ce914b112716ce4addbe3136eab0e905fa0808d21bae6c6e,,,534
,01_第3到第8部分_最终修正版/第6部分_机制检验/（6.6）严格中介效应分解/README_四级十二类_6.6说明.md,da727d8e1a2e8b93512b8c93b097a5869b14b037b1c91395c0b432fd78466298,,,1142
,01_第3到第8部分_最终修正版/第6部分_机制检验/（6.6）严格中介效应分解/README_本环节文件说明.txt,b096fc56db96dc6f75e8f706b047cd118d70a82e6b2141e16545eace4b1184cf,,,310
,01_第3到第8部分_最终修正版/第6部分_机制检验/（6.6）严格中介效应分解/README_本环节补充说明.txt,b4e2eb3b69d979ab97319d9f07e97498a403d079d3af9ac367733fc129694caa,,,323
,01_第3到第8部分_最终修正版/第6部分_机制检验/（6.6）严格中介效应分解/section6_6_original_bootstrap_1000_v2.py,85766eb81e125ecd1feb8f1d595259598d13fb0390f97df428acc98ba014444d,,,3620
,01_第3到第8部分_最终修正版/第7部分_异质性分析/README_本部分文件总说明.txt,dbe0206ccc1f24caf665614b6a8aa163f44412962758bd5dc0c979a3a9219e19,,,927
01_第3到第8部分_最终修正版/第7部分_异质性分析/（7.1-7.4）区域_数字基础_治理基础异质性/PPP_第5部分第7批_异质性分析_V1.do,01_第3到第8部分_最终修正版/第7部分_异质性分析/（7.1-7.4）区域_数字基础_治理基础异质性/PPP_第5部分第7批_异质性分析_V2_四级十二类_实际执行版.do,139753f2965c27305bd8382fdfeda2b4006daf7840e143e86edd1657827dd5a1,,,1215
,01_第3到第8部分_最终修正版/第7部分_异质性分析/（7.1-7.4）区域_数字基础_治理基础异质性/PPP_第7部分_7.1-7.4交互项摘要_V2_四级十二类_实际执行版.csv,b267760ea05ae1ee4b8c3bb6dd50619e2dd303743be3689fde2ee05454ea1957,27,6,2591
,01_第3到第8部分_最终修正版/第7部分_异质性分析/（7.1-7.4）区域_数字基础_治理基础异质性/PPP_第7部分_7.1-7.4异质性分析_V2_四级十二类_实际执行版.xlsx,ba8b8f86075fcbb13fdbd17e7c7b3bc6143807a4a22919f41572ffb4403de0ca,分析说明:6x2;全部异质性结果:28x7;交互项摘要:28x6,,12644
,01_第3到第8部分_最终修正版/第7部分_异质性分析/（7.1-7.4）区域_数字基础_治理基础异质性/README_四级十二类_7.1-7.4说明.md,3355ae78117a1b22c566b12d7994918581a68b7dff7c0323f3443d9aefa4309b,,,1602
,01_第3到第8部分_最终修正版/第7部分_异质性分析/（7.1-7.4）区域_数字基础_治理基础异质性/README_本环节文件说明.txt,7b5f9e02113bd410d0e8241b0151e21cefc51d0a8d4f32832a4af9c62a10688f,,,280
,01_第3到第8部分_最终修正版/第7部分_异质性分析/（7.5）PPP风险暴露异质性/PPP_第7部分_7.5交互项摘要_V2_四级十二类_实际执行版.csv,6a6c5b7dc2dbfb01b76869130e426e47f561e4f2dd43442da151c7e351276e2e,3,9,750
,01_第3到第8部分_最终修正版/第7部分_异质性分析/（7.5）PPP风险暴露异质性/PPP_第7部分_7.5风险暴露异质性_V2_四级十二类_实际执行版.xlsx,e506e606ece376a600356d88d6ce7269c6e4e42203893bb8638b2567435caf46,分析说明:7x2;全部异质性结果:13x8;交互项摘要:4x9,,11897
01_第3到第8部分_最终修正版/第7部分_异质性分析/（7.5）PPP风险暴露异质性/PPP_第7部分第1批_7.5风险暴露异质性_V1.do,01_第3到第8部分_最终修正版/第7部分_异质性分析/（7.5）PPP风险暴露异质性/PPP_第7部分第1批_7.5风险暴露异质性_V2_四级十二类_实际执行版.do,bf10275ac252cc2a049e18d7cdb85f898261846fcda90495c29fe1775234eae1,,,996
,01_第3到第8部分_最终修正版/第7部分_异质性分析/（7.5）PPP风险暴露异质性/README_四级十二类_7.5说明.md,48813b652905334e826de6a4966bd6867fbe4e8331ccdb3e597618d907039419,,,1347
,01_第3到第8部分_最终修正版/第7部分_异质性分析/（7.5）PPP风险暴露异质性/README_本环节文件说明.txt,d73e6793a5f7e6caee3a10d069ec1700ddbe304ad195106825abbe7ad7c85c32,,,372
01_第3到第8部分_最终修正版/第7部分_异质性分析/（7.5）PPP风险暴露异质性/section7_5_risk_exposure_heterogeneity_v1.py,01_第3到第8部分_最终修正版/第7部分_异质性分析/（7.5）PPP风险暴露异质性/section7_5_risk_exposure_heterogeneity_v2.py,3374eac3d687bb957b5df5fb94f1d17c44900f1519a306ec01d6e45ec50a40ef,,,1049
,01_第3到第8部分_最终修正版/第7部分_异质性分析/（7.6）政府数据开放度异质性/PPP_第7部分_7.6交互项摘要_V2_四级十二类_实际执行版.csv,2c6daf5b6d5d95c96425a4e56f050f974487700cfb60e94d093b48a44e9642c7,3,8,510
,01_第3到第8部分_最终修正版/第7部分_异质性分析/（7.6）政府数据开放度异质性/PPP_第7部分_7.6政府数据开放度异质性_V2_四级十二类_实际执行版.xlsx,65617c0c32e3576cb929344626dee647017220a104b8fe886322fa2aaae497fe,分析说明:7x2;全部异质性结果:157x6;交互项摘要:4x8,,19910
01_第3到第8部分_最终修正版/第7部分_异质性分析/（7.6）政府数据开放度异质性/PPP_第7部分第2批_7.6政府数据开放度异质性_V1.do,01_第3到第8部分_最终修正版/第7部分_异质性分析/（7.6）政府数据开放度异质性/PPP_第7部分第2批_7.6政府数据开放度异质性_V2_四级十二类_实际执行版.do,7f04dd89c307c5fb62eb1f6b10fda595a8d77913dd5cde808d6d75d3fa7188e3,,,529
,01_第3到第8部分_最终修正版/第7部分_异质性分析/（7.6）政府数据开放度异质性/README_四级十二类_7.6说明.md,fd8665f6ef26ccd1bbcd9130caf0571a6ce02572aa957f14137bf4568097ba60,,,1208
,01_第3到第8部分_最终修正版/第7部分_异质性分析/（7.6）政府数据开放度异质性/README_本环节文件说明.txt,1a24d110afaf5555268a76d7b85b1438e27643abf498984abb72602fd0def95c,,,495
01_第3到第8部分_最终修正版/第7部分_异质性分析/（7.6）政府数据开放度异质性/section7_6_gov_data_openness_proxy_v1.py,01_第3到第8部分_最终修正版/第7部分_异质性分析/（7.6）政府数据开放度异质性/section7_6_gov_data_openness_proxy_v2.py,51ec7431afb69ac8530e26cc112d6c368d68efc8b85f2bec1ae63ccb6bb7fe1e,,,629
,01_第3到第8部分_最终修正版/第8部分_稳健性检验/README_本部分文件总说明.txt,da76201d312b39ce0a9dba0389fb913ba0d8fa5ab95765a5d9def986ec7ed552,,,891
01_第3到第8部分_最终修正版/第8部分_稳健性检验/（8.1-8.3）常规稳健性/PPP_第5部分第6批_稳健性检验_V1.do,01_第3到第8部分_最终修正版/第8部分_稳健性检验/（8.1-8.3）常规稳健性/PPP_第5部分第6批_稳健性检验_V2_四级十二类_实际执行版.do,90e3a2d045802562dbeb8fb932ee698c8059ebb50c6fdfd3f5c05af90cdc05a8,,,1998
,01_第3到第8部分_最终修正版/第8部分_稳健性检验/（8.1-8.3）常规稳健性/PPP_第8部分_8.1-8.3常规稳健性_V2_四级十二类_实际执行版.xlsx,678aa5af967d490b4421d8aa1f1c2db0a1857fa6c9367000cef73e435436016f,核心结论:8x2;全部稳健性结果:29x18;主规格摘要:5x12,,15014
,01_第3到第8部分_最终修正版/第8部分_稳健性检验/（8.1-8.3）常规稳健性/PPP_第8部分_8.1-8.3常规稳健性结果长表_V2_四级十二类_实际执行版.csv,ebd62081a1605e109a3f658e7ea56f97c7966ea6c8e941c623af154d654507c2,28,18,6909
,01_第3到第8部分_最终修正版/第8部分_稳健性检验/（8.1-8.3）常规稳健性/PPP_第8部分_8.1-8.3缺位虚拟变量与交互项控制结果_20260412_v3.csv,64e2d5e27a81238f8f03b678eb693ab46b00a70529bad5d56ca82e2b97e66795,3,9,616
,01_第3到第8部分_最终修正版/第8部分_稳健性检验/（8.1-8.3）常规稳健性/PPP_第8部分_8.1-8.3缺位虚拟变量与交互项控制结果_20260412_v3.xlsx,f908556d6f11107092d94cdf221ffd58b8eaa51ce2fbedc312bc0e1925176fed,missingness_interaction:4x9;说明:3x2,,6235
,01_第3到第8部分_最终修正版/第8部分_稳健性检验/（8.1-8.3）常规稳健性/PPP_第8部分_8.1-8.3缺位虚拟变量控制结果_20260412.csv,654b5cc5607463fb6794c91cf30700554c0f941caa4712f31827018c5e465310,3,7,432
,01_第3到第8部分_最终修正版/第8部分_稳健性检验/（8.1-8.3）常规稳健性/README_四级十二类_8.1-8.3说明.md,fc42f41648c2043c9e182f3564039e5dcf63780f14238a0954bd4e6eb836deaf,,,2384
,01_第3到第8部分_最终修正版/第8部分_稳健性检验/（8.1-8.3）常规稳健性/README_本环节文件说明.txt,b3befd080839dda2a6d55d6bc11bf48cc77cdfa120e07914282543afb648ab44,,,254
,01_第3到第8部分_最终修正版/第8部分_稳健性检验/（8.4）PSM-DID/PPP_第8部分_8.4PSM-DID_V2_四级十二类_实际执行版.xlsx,5d62fe283c5286d710ad5b3fa1d0b3343b1f19e487bca542c73bda2c63e5664e,核心结论:8x2;省级匹配结果:5x5;平衡性诊断:10x3,,13109
,01_第3到第8部分_最终修正版/第8部分_稳健性检验/（8.4）PSM-DID/PPP_第8部分_8.4PSM-DID结果长表_V2_四级十二类_实际执行版.csv,6c9bab893776065c50a617a6db596db47304b7eee4f8a9ce30b5be4ab5a638c6,8,13,2203
01_第3到第8部分_最终修正版/第8部分_稳健性检验/（8.4）PSM-DID/PPP_第8部分第1批_8.4PSM-DID_V1.do,01_第3到第8部分_最终修正版/第8部分_稳健性检验/（8.4）PSM-DID/PPP_第8部分第1批_8.4PSM-DID_V2_四级十二类_实际执行版.do,fac147eb01404d79f97e19b6f5631ed0ad53a114020168cb5503af8c381077e3,,,818
,01_第3到第8部分_最终修正版/第8部分_稳健性检验/（8.4）PSM-DID/README_四级十二类_8.4说明.md,8cfb179eae988c2f7117e43e4b3c322ee0f9a2ad2d4c74a8c6db06bb91638743,,,1635
,01_第3到第8部分_最终修正版/第8部分_稳健性检验/（8.4）PSM-DID/README_本环节文件说明.txt,0ef0dc4a6b1e3eda998cc2d0f2bb1897fe85ca9cd7f0ad43669878841f92515d,,,307
01_第3到第8部分_最终修正版/第8部分_稳健性检验/（8.4）PSM-DID/section8_4_psm_did_v1.py,01_第3到第8部分_最终修正版/第8部分_稳健性检验/（8.4）PSM-DID/section8_4_psm_did_v2.py,3040b1f1002fa319e28b802f91fe2451922c945dce4ac78a48a4ceb91c062bdd,,,947
,01_第3到第8部分_最终修正版/第8部分_稳健性检验/（8.5）工具变量_IV可行性评估/PPP_第8部分_8.5IV可行性评估_V2_四级十二类_实际执行版.xlsx,374495525dcc5da209909d4d66514c328c97c6b6ab0013d83497d463f52bbdf5,核心结论:6x2;候选IV筛查:9x15;第一阶段与直接效应明细:33x7,,12455
,01_第3到第8部分_最终修正版/第8部分_稳健性检验/（8.5）工具变量_IV可行性评估/PPP_第8部分_8.5候选IV筛查长表_V2_四级十二类_实际执行版.csv,73929bd351e92769133b4c55590ccb2fa990c109ad7189fffe60d01c460d9344,8,15,2454
,01_第3到第8部分_最终修正版/第8部分_稳健性检验/（8.5）工具变量_IV可行性评估/README_四级十二类_8.5说明.md,4d7acd3432ac819aa0a635b90b150819764d8b22a13f702cf8b3a1566004bc74,,,1540
,01_第3到第8部分_最终修正版/第8部分_稳健性检验/（8.5）工具变量_IV可行性评估/README_本环节文件说明.txt,e8a075ed37887ffba456f3ecf65cf0fcde69bfadc0ee782a17a79c3c8bcbee6b,,,247
01_第3到第8部分_最终修正版/第8部分_稳健性检验/（8.5）工具变量_IV可行性评估/section8_5_iv_feasibility_v1.py,01_第3到第8部分_最终修正版/第8部分_稳健性检验/（8.5）工具变量_IV可行性评估/section8_5_iv_feasibility_v2.py,c43d5b8fd685f3869578e1ac0e1c286b5e97895809ad9b66c76504ab2e054d6e,,,449
,01_第3到第8部分_最终修正版/第8部分_稳健性检验/（8.6）DML高维稳健性检验/PPP_第8部分_8.6DML稳健性检验_V2_四级十二类_实际执行版.xlsx,0c0d282b9ad731c1e51fa3a32a6e47d38bf58ffd5989ce70724dcb9d39ee9138,分析说明:9x2;DML结果汇总:4x17;fold_diagnostics:16x10,,51867
,01_第3到第8部分_最终修正版/第8部分_稳健性检验/（8.6）DML高维稳健性检验/PPP_第8部分_8.6DML结果汇总_V2_四级十二类_实际执行版.csv,1a59f5cd7d7728a8cf2f75413800ff132663898b0a35d6814376cb202f1926a8,3,17,887
01_第3到第8部分_最终修正版/第8部分_稳健性检验/（8.6）DML高维稳健性检验/PPP_第8部分第3批_8.6DML稳健性检验_V1.do,01_第3到第8部分_最终修正版/第8部分_稳健性检验/（8.6）DML高维稳健性检验/PPP_第8部分第3批_8.6DML稳健性检验_V2_四级十二类_实际执行版.do,3f608462ddad2a0e35c9de10cea520f3663660f5a0f7151233d69a0a74b4183e,,,273
,01_第3到第8部分_最终修正版/第8部分_稳健性检验/（8.6）DML高维稳健性检验/README_四级十二类_8.6说明.md,a126f11812d3adaa8c0e39fbe93fe285db8c698b875b58b5cc961874cf25f833,,,1821
,01_第3到第8部分_最终修正版/第8部分_稳健性检验/（8.6）DML高维稳健性检验/README_本环节文件说明.txt,d2c460e3f7f09bc32d5d2b87dc93e637fc4b38d05574818fbb9ece410778e47b,,,342
01_第3到第8部分_最终修正版/第8部分_稳健性检验/（8.6）DML高维稳健性检验/section8_6_dml_v1.py,01_第3到第8部分_最终修正版/第8部分_稳健性检验/（8.6）DML高维稳健性检验/section8_6_dml_v2.py,0c52e53d5a504b68f46447467fe0e9b9dda7f45fb59571fd3919aa50dad28b12,,,1049
,02_第9部分_最终可用内容/README.md,11eebee8f8a93413cc8cdb56ee93c34f00f79a9d398ab28e4b4ef586a2cfcbd8,,,1556
,02_第9部分_最终可用内容/config.json,c4d72620408d564af469091815f9b57e0b65699dbcc89647327c56c83f49fc5a,,,1232
,02_第9部分_最终可用内容/model_utils_no_leak.py,a5a7a5a3e619d0d71ec7bc39364b77e5174a3e8115096e049aa9c309bf97a52e,,,5254
,02_第9部分_最终可用内容/plot_font_setup_cn.py,e0cded6a99e7e58f93caabf94709d85515a95ca39b153ce4a73ce36a769a607d,,,699
,02_第9部分_最终可用内容/requirements.txt,b290035ae05abc3bb9ff01c1e6f06655f1f0be120236c554bb0696eaaae9f6a8,,,99
,02_第9部分_最终可用内容/run_3A_logistic_rf_no_leak.py,5fda1b841270562956cec45739ba5d52ee2f8e2975f2bf49d77a33f6975306a5,,,3397
,02_第9部分_最终可用内容/run_3B_xgb_lgbm_no_leak.py,dfd7aeef4db511dc7b10e9f91ff2063a9d9b7b926aab3f26b383fb268fb43d64,,,3456
,02_第9部分_最终可用内容/run_combined_3A_3B.py,72aaab140c4870a77ae4194353b604c899556ce40b0f0df6ad380ce5dfd3b6cf,,,30520
,02_第9部分_最终可用内容/run_part9_strict_6models.py,e72cb39af6628f05e422ef0b74ddfc50653e684c0e6352843dbbb6240fe44141,,,25019
,02_第9部分_最终可用内容/结果/PPP_第9部分_严格版_6模型指标汇总.csv,6ec88268e76ec9e9af990b46ae8dd866e643cd08a78462d4030ab2c89eee6cbd,6,10,879
,02_第9部分_最终可用内容/结果/PPP_第9部分_严格版_6模型综合对比.xlsx,c4e3e0afb7d95efd4a05bd281465a12dcc173fde3fab80ff60d80af5cfc575df,总体说明:7x2;模型比较结果:7x10;预测样本_前500:501x25,,106622
,02_第9部分_最终可用内容/结果/PPP_第9部分_严格版_6模型逐样本预测结果.csv,0f677781a233e6f35aafcb1087830e95838dad9b595195fb9931438bd5b510d0,2500,25,586359
,02_第9部分_最终可用内容/结果/PPP_第9部分_严格版_合并DET曲线对比.png,c41bd0a1c41ea69944b934512397d5c06694bee737cf6619a9d1367fec0ccb86,,,270135
,02_第9部分_最终可用内容/结果/PPP_第9部分_严格版_合并PR曲线对比.png,92679f2d764b62ff49c92221b4e0ab8111ca7a226a5254ca374ec175fa088b6d,,,389342
,02_第9部分_最终可用内容/结果/PPP_第9部分_严格版_合并ROC曲线对比.png,9b4e213d74d1621fab7d8e2732912c64b4f47aa4095b746b7c50e96383690161,,,313558
,02_第9部分_最终可用内容/结果/PPP_第9部分_严格版_合并性能对比.png,ba90576586666fd4ce61216adc4db764bea0ddaadaf83b080bf048d4e4dd4abe,,,248458
,02_第9部分_最终可用内容/结果/PPP_第9部分_严格版_合并特征重要性.png,2101b7e20fe7d53d39e881eca94209faeecdae9542883e13ca30670a0a37656a,,,766359
,02_第9部分_最终可用内容/结果/PPP_第9部分_严格版_成本收益曲线.png,0ef9a7923cdb3d9c7f1284fe803470848acbc914b7f0ba30684ba549563a4c19,,,579082
,02_第9部分_最终可用内容/结果/PPP_第9部分_严格版_混淆矩阵热力图.png,8530efae7e0ade0d8bfe28aa9126c8738c8ab86bc55260b4412a4e30d74110e3,,,251544
,02_第9部分_最终可用内容/结果/PPP_第9部分_严格版_阈值指标曲线.png,43f0e8665b9baaff90f1e8d0643defa4b9c6c20863fc4c314e4b4a40d6212ffa,,,781321
02_第9部分_最终可用内容/（补充）项目级建模底表/PPP_project_level_risk_model_data_v1.csv,02_第9部分_最终可用内容/（补充）项目级建模底表/PPP_project_level_risk_model_data_v2_无泄漏严格版.csv,228403f4943348214d30ecd630ed1a27c649d91dd810f6f91bb7a76a7e551399,12049,30,17853599
02_第9部分_最终可用内容/（补充）项目级建模底表/PPP_project_level_risk_model_data_v1.dta,02_第9部分_最终可用内容/（补充）项目级建模底表/PPP_project_level_risk_model_data_v2_无泄漏严格版.dta,1cc4bd7d43f8f25370cb77c73e151da9a9aa3ff366a26b4e3ce6f801a64b1fa0,10000,30,50489755
,03_新增写作工作文件/PPP_正文统一口径说明_变量定义表_第3到第5部分写作骨架_20260412.docx,ddc586d1a167339b75ef6bf1213731092cd1b7c8248ee34123dc947d12a5edeb,,,43742
,03_新增写作工作文件/PPP_正文统一口径说明_变量定义表_第3到第5部分写作骨架_20260412_v3.docx,ddc586d1a167339b75ef6bf1213731092cd1b7c8248ee34123dc947d12a5edeb,,,43742
,README_冲突裁决与修改基准说明_20260412.txt,09ccaff1b6e4a65b89a553f1eb4984cd960718e7407c3bd1b90aeae1d621a0a4,,,3582
,README_四级十二类替换清单.txt,77f9e83b996e71b1b1d0f3e25f866e89c18fa1431aff227cab2e26f8c333771b,,,10668
,README_总说明.txt,7e4dc45a0b2a8db77d1c78d4ed5b6875dc7e160fa3603a11992385055200ae65,,,2486
,README_版本与口径统一说明_20260412_修订版.txt,c4fe5018472d009526236a7f1d47034711640cb7f9df7ef2616d59eb8c5eb51f,,,2699
,README_请先看_本次重新整理说明.txt,5971d2a690102164b283125394be9fddae492e2bba01da353f3b10f1af833f2d,,,953
,交接记忆内容_统一修正版_20260412.txt,e81bd926ee638bc90c8b45f4fffceb06129e5975962eac5449affb255cec5ade,,,3384
,作图部分/01_第3部分_作图内容/README.txt,9bc7deb3cf7f75b6860fc7e780bf6aa874f836d92a6d0ac1349005b29183c5ac,,,989
,作图部分/01_第3部分_作图内容/charts/Figure_3_14_labelwise_dumbbell_grid.pdf,5f1d24f6fe2e04e91d3e238d55cb4ed0c4901b144d430aa8b25e948dc855ccfd,,,36447
,作图部分/01_第3部分_作图内容/charts/Figure_3_14_labelwise_dumbbell_grid.png,5b316288875cec19eb084706d68d0350816bb92c872d4d2e7cd59d0ed8e680aa,,,177589
,作图部分/01_第3部分_作图内容/charts/Figure_3_1_code_coverage_strength.pdf,359472892d7a7bc703c9b5f77199630c336e895e7fc11a1bb2e58c7f6ffffe45,,,62270
,作图部分/01_第3部分_作图内容/charts/Figure_3_1_code_coverage_strength.png,499c382124f4e71bfd32c0b9daa6bedafda1bc7ad5704528fb1c5b4ec548c6b3,,,316601
,作图部分/01_第3部分_作图内容/charts/Figure_3_3_code_cooccurrence_network.pdf,9f084797c90f22d6c766598c7b577671ec1267fad8ee014d3814e1e5be885253,,,58640
,作图部分/01_第3部分_作图内容/charts/Figure_3_3_code_cooccurrence_network.png,5a7a7e9a64f0ee355f85c9424a81e5790efd757a2d4fb330ee90666550a8e4b7,,,308724
,作图部分/01_第3部分_作图内容/charts/Figure_3_4_dictionary_workflow.pdf,faeb1f27575d6dd51aa33d1be5a1b39cfb828c3161ccacab4ed0da689aaae4d0,,,33662
,作图部分/01_第3部分_作图内容/charts/Figure_3_4_dictionary_workflow.png,c9b6f35c5252481de133654e9f05a5721d62f74d38e0de6be6fad639e26a38ae,,,256536
,作图部分/01_第3部分_作图内容/charts/Figure_3_8_expansion_screening_funnel.pdf,45becf96e7ac952051799b596d8dea0f5030836ab2a274f0933054486dad2f10,,,40108
,作图部分/01_第3部分_作图内容/charts/Figure_3_8_expansion_screening_funnel.png,f547749e84e7d4c6c9a535bb6a71e58977fb9422f4bc2c8cd503bf8ef8ded7b0,,,133575
,作图部分/01_第3部分_作图内容/charts/Figure_3_9_topic_dynamics_panels.pdf,0f838ff8ff0a5d70b0fd8cffe086a02ada5c61f6fa6767d8ed49154e07b5932d,,,46388
,作图部分/01_第3部分_作图内容/charts/Figure_3_9_topic_dynamics_panels.png,db4065dc518580b249a83c937578829dc063a2d3dd2be80729e69223fb86471e,,,361896
,作图部分/01_第3部分_作图内容/generate_part3_main6_redo_repro.py,1aa7ab65721310576b386f6c970e1c6b33966516e09d766914222d178d4a8b94,,,13523
,作图部分/01_第3部分_作图内容/generation_info.json,33a6a9ea3739962283979df9ac6c4f177564c3a3b9e2d7dad81405fdd1a0f8f4,,,356
,作图部分/01_第3部分_作图内容/input_data/part3_bertopic_results.xlsx,bd3be7140192808e59aeedcf1c4057b2a51053f7ed924f025e2a7c0fe3095113,主题总表:25x11;主题映射:25x10;代表性文本:121x8,,175995
,作图部分/01_第3部分_作图内容/input_data/part3_dictionary_seed_words.xlsx,bad8da71efb20866b411236539ebb18bae185f95ceecd2970fb8804cbce8611f,正式词典V1_建议入库:102x10;全量候选词:114x10;语料扩展词:54x10,,46792
,作图部分/01_第3部分_作图内容/input_data/part3_qualitative_coding.xlsx,190c55b24d54ed774765152b7f650117d215f633e562a93973871c7df6d1bb17,120篇文档评分矩阵:121x15;二级类目覆盖率:10x9;一级维度摘要:4x5,,26584
,作图部分/01_第3部分_作图内容/input_data/part3_supervised_enhancement.xlsx,1a61604a0900371bef3fe1648b10f555f7d22d2cc803451825ba31065d64da47,模型比较总表:5x12;分标签指标:37x6;训练测试划分:9x2,,17029
,作图部分/01_第3部分_作图内容/input_data/part3_word2vec_expansion.xlsx,dc2b6532652f4b6a3b3dce7ffaf64a5a599d7afb2566ae9611428f8b2aa5723c,训练摘要:14x2;建议扩展词:42x6;不纳入噪声词示例:30x3,,25792
,作图部分/01_第3部分_作图内容/input_file_mapping_utf8bom.csv,d9ba888415a377a37f3203f27fd6a2828feb83d38b11d30ab4cddfc5995b0894,5,3,501
,作图部分/01_第3部分_作图内容/requirements.txt,93a2419c88ed9a260bb267cec5fb6b1d479c9016db10a842efd14fedf6052166,,,54
,作图部分/02_第4部分_作图内容/README.txt,f5b20b918747462f46e242d059701f2ac447be7cc1cb95cfaf261b3555040abb,,,468
,作图部分/02_第4部分_作图内容/charts/Figure_4A_policy_state_ternary.pdf,6587df8cf76f2a56cb522b5793740703fee308e8bdb029f7a279543186d7d5c9,,,91505
,作图部分/02_第4部分_作图内容/charts/Figure_4A_policy_state_ternary.png,855c49a01c35177bf2bbe89c2d7b0f0ced051ed81859fe29ed6375fc6fc8278d,,,719227
,作图部分/02_第4部分_作图内容/charts/Figure_4A_policy_state_ternary.svg,40b340fdd32e04d5e5a87997209f315ad96c4efa283c4cb47e2fbccd1c383b1d,,,271909
,作图部分/02_第4部分_作图内容/charts/Figure_4B_topicshare_embedding_pca.pdf,f5cba1b7a8226493a98c439cb1f209630a5dfdc6855035e8636ecb4d83f7dd8c,,,79335
,作图部分/02_第4部分_作图内容/charts/Figure_4B_topicshare_embedding_pca.png,b733232cb1d3ab6f1ef68bca4d9e0a6bd363eefb276ab8f661e0cc159b04ae13,,,573227
,作图部分/02_第4部分_作图内容/charts/Figure_4B_topicshare_embedding_pca.svg,22d725b8371f4c8440e100ae8fd88eafe5beeecd11e78d2b0263eae644162c18,,,270560
,作图部分/02_第4部分_作图内容/charts/Figure_4_5_province_year_capacity_heatmap.pdf,e5507b293c6d35c5f16914cdc484abb7c5d34f09d05172dc49a0369c4a45e63c,,,149173
,作图部分/02_第4部分_作图内容/charts/Figure_4_5_province_year_capacity_heatmap.png,56b76994d17ef60691a68aedfef0e79cb58b3b00e39b5bd39a515ddaf150720b,,,233153
,作图部分/02_第4部分_作图内容/charts/Figure_4_5_province_year_capacity_heatmap.svg,118e6e766b30b5a0f1a725389259e671de6ecd56b3593d25e9048e3189b55d1e,,,169908
,作图部分/02_第4部分_作图内容/charts/Figure_4_7_topic_to_dimension_bridge.pdf,3ce74477b2526542486d249290c1e632fd7713590b40374a489c140744eabdc7,,,42240
,作图部分/02_第4部分_作图内容/charts/Figure_4_7_topic_to_dimension_bridge.png,39a882ac0bffc2f480350944029f373fd34b32f6c91a420d1ec7ae0c70a27ad2,,,166854
,作图部分/02_第4部分_作图内容/charts/Figure_4_7_topic_to_dimension_bridge.svg,2b436e1e87b25a822be672294596c12c6b51f6f4263b3b95fa938dfc07998827,,,78564
,作图部分/02_第4部分_作图内容/charts/Figure_4_8_composite_parallel_coordinates.pdf,c5dd5977511419452e389633b82051fd9ff434426d4ae366c8d5e30ac8d01dd1,,,31950
,作图部分/02_第4部分_作图内容/charts/Figure_4_8_composite_parallel_coordinates.png,5947fdcc9637cecd3d2476638336f23fe1d2ad0653530bc632b43c75a335afe6,,,1427842
,作图部分/02_第4部分_作图内容/charts/Figure_4_8_composite_parallel_coordinates.svg,56e8d43dde1acd6f36c98de52ca0f9bd9cb3be891eff1e4990be8b1aa608836e,,,75407
,作图部分/02_第4部分_作图内容/code/generate_part4_full5.py,e1371de2d620295af0aff5c09571500af26a7ebd5217780e5f32d96774cb5f0d,,,11372
,作图部分/02_第4部分_作图内容/generation_info.json,e9d9531d5b5d34858c22f0797c368be1c08e68875ccde8c0af3d731ea85e536c,,,380
,作图部分/02_第4部分_作图内容/input_data/part4_province_year_variables.csv,c1d7f95712736cdf714dcc72dd2b3d829d82daf4df514eb37fa55a28819d063b,251,83,166795
,作图部分/02_第4部分_作图内容/input_data/part4_text_variable_construction_results.xlsx,0912413d7beb57c06e8fe85a8a4513c9bc87f5a2b726489e8e0b066fe6dbd968,文档级变量:1473x92;省-年面板变量:252x83;年份汇总变量:14x82,,969636
,作图部分/02_第4部分_作图内容/input_file_mapping_utf8bom.csv,5d862253d455e456019f2c0dc81fecf25da70f19b1eb19787e4c5f6aa2f7cf32,2,2,174
,作图部分/02_第4部分_作图内容/preview_contact_sheet.png,3c0d447dc75f7c1e94ade3a7ccdbb3cfaabcac4293907e468451e4338301cbb3,,,251987
,作图部分/02_第4部分_作图内容/requirements.txt,d128e02f1bd3e52e90bb1b7d22bbf0d012a34b3b4359a051c3db9ade0f297cfa,,,53
,作图部分/03_第5部分_作图内容/README.txt,bc433ad3a4379f7ce579270331c2788abf93335d29d40f04a47e3e18ab7bf85c,,,405
,作图部分/03_第5部分_作图内容/charts/Figure_5_10_project_progress_state_space.pdf,28e9a2436043b2defa5ec68d334a173c7ea103a2edda52dafbc8c1a67f30387a,,,27384
,作图部分/03_第5部分_作图内容/charts/Figure_5_10_project_progress_state_space.png,9d0aae9d5cbb239c4652b8771fd430be718f209bae1c7519f3c7b04f6fcfb670,,,242168
,作图部分/03_第5部分_作图内容/charts/Figure_5_10_project_progress_state_space.svg,2afc020cb29a14a9b659ac5dc23a45c517117c08e02fdfae6ea35828f3e83347,,,67105
,作图部分/03_第5部分_作图内容/charts/Figure_5_1_treatment_timing_panelview.pdf,100cf7702e7ff211ef9cf99d553bf2ffc583962fb49cb41d6ea82ab3f202b2c6,,,28621
,作图部分/03_第5部分_作图内容/charts/Figure_5_1_treatment_timing_panelview.png,aab665a5b4fe55e3322234120489e6b5de88567978eb0d8086295c1be7fea726,,,144824
,作图部分/03_第5部分_作图内容/charts/Figure_5_1_treatment_timing_panelview.svg,b26ef9ed7be02cf7f9924623ec24d0d5e666237418eb76f3c5ec1a262236c2cf,,,136035
,作图部分/03_第5部分_作图内容/charts/Figure_5_3_main_results_forest.pdf,0138124f514ff48df8123b69e2f32ee9b490a81548a22b448fbeed9abcabc549,,,26462
,作图部分/03_第5部分_作图内容/charts/Figure_5_3_main_results_forest.png,12fdebe333d7a9efa1079542d3bc37679b44618d3bd021aecaff05a0caeb4248,,,176719
,作图部分/03_第5部分_作图内容/charts/Figure_5_3_main_results_forest.svg,a3b3f1dc9b9608f0b76312c0023bef40d57eccdc49cdc3b01345252db7422e39,,,60431
,作图部分/03_第5部分_作图内容/charts/Figure_5_5_event_study_triptych.pdf,af690099ac7a3f73309c2e87d58a63aaa27528aff047873d490d3c32ab74ccc1,,,25689
,作图部分/03_第5部分_作图内容/charts/Figure_5_5_event_study_triptych.png,627a1e9720edcce1659903c1528fdc92a6c33f174d8575d40f2a7cd1a179b7fb,,,283357
,作图部分/03_第5部分_作图内容/charts/Figure_5_5_event_study_triptych.svg,0adb06f27ec9e78a712a83a75b6b4abe65522537d9192355df7213e74e6a790f,,,69175
,作图部分/03_第5部分_作图内容/charts/Figure_5_8_placebo_distribution.pdf,55a48c9ac5d699a1c68a096c9b4f13c50e3c9e2ed8b8e14b72c9c866a11ebf0f,,,25305
,作图部分/03_第5部分_作图内容/charts/Figure_5_8_placebo_distribution.png,4452dc7c88b5a33e1883b477fd8bcd5ac980f2786fa54285c0f8bf3666d0074f,,,164324
,作图部分/03_第5部分_作图内容/charts/Figure_5_8_placebo_distribution.svg,6db993553d50d561e98cf4ffebcfc01ed8f2d16a0f79407fb1f4804f143d9832,,,59320
,作图部分/03_第5部分_作图内容/code/generate_part5_master5.py,2319d75e5c96a1aee755872b660df3e15a462f23ea0a387da1ed051fa86e6ee4,,,10152
,作图部分/03_第5部分_作图内容/generation_info.json,e0dc4c280f25a40cfc0cb979150f02b72bcf20c2251e7f19f2ecc88b43657c0f,,,382
,作图部分/03_第5部分_作图内容/input_data/part5_baseline_did.xlsx,9667dfb9bc56434ad9636b98e99a1cb97fbd7583a457d53d550f088981032f8f,核心结论:9x2;正式回归结果长表:16x13;结果汇总表:6x4,,40531
,作图部分/03_第5部分_作图内容/input_data/part5_descriptive_diagnostics.xlsx,126995f2cf86f99373ed3877c36d993b986d72ae6788714978a2c0ad4d4a0b69,诊断结论:9x2;描述统计:18x9;年份结构:10x8,,13287
,作图部分/03_第5部分_作图内容/input_data/part5_event_study.xlsx,e9ef8d33005a87f6696a4a548b54d873a91044b4be9205d4429ba119b4ed30aa,诊断说明:5x2;事件研究摘要:4x16;动态系数长表:16x10,,10009
,作图部分/03_第5部分_作图内容/input_data/part5_model_ready_panel.csv,f58ed726e477f308c62221eb5a8f6410c8e4fcdd8706b87ca599a306d1061356,268,110,245597
,作图部分/03_第5部分_作图内容/input_data/part5_model_specs.xlsx,e05b9c3857ba967c15e5809f2a6736a79810c70688f136624f7d6c258e48c8ee,model_ready_panel:269x55;variable_dictionary:28x3;model_specs:7x7,,115908
,作图部分/03_第5部分_作图内容/input_data/part5_placebo_coefficients_generated.csv,3e826fd7ad28a515bbbb8af2c9051b7122a860108700a691c624cc9fe8e156d7,500,1,10375
,作图部分/03_第5部分_作图内容/input_file_mapping_utf8bom.csv,6a3113d13f8e75240a1336e4af9b2907648bd45c35319632ec1afc4435bcd2b5,6,2,1107
,作图部分/03_第5部分_作图内容/preview_contact_sheet.png,2ff61d276715ede75da04b73b60d917cf1eb4f1ab0de7d6fc6b10402288152ce,,,158010
,作图部分/03_第5部分_作图内容/requirements.txt,6058c59b245b8f0f308da8ccd06b2c69baa5482d43e889b26319b3a8f413c839,,,53
,作图部分/04_第6部分_作图内容/README.txt,c4d966f414ba20101f946228db6cfdf65aae6e4f6a0b88d710651e8a3d6fc754,,,381
,作图部分/04_第6部分_作图内容/charts/Figure_6A_mechanism_path_diagram.pdf,086dc7cff0c9d4ec28dc53b45a38caca28e69608d0c6e3aa29bc11a5607d196f,,,22594
,作图部分/04_第6部分_作图内容/charts/Figure_6A_mechanism_path_diagram.png,e91306019b3adac4ce04e48e8e943f45dc3bb9824e1b092eccbf2520281a6844,,,292534
,作图部分/04_第6部分_作图内容/charts/Figure_6A_mechanism_path_diagram.svg,fb1b9057cdd9fe547321a42473d5987e21d7a474e7f93e71817de19365a38337,,,50882
,作图部分/04_第6部分_作图内容/charts/Figure_6B_mechanism_flow_alluvial.pdf,3368d6173b5b8c1e4ef5f7498a345c5f4ab5c7486af2f5b3fcbca3b459ae60a7,,,18970
,作图部分/04_第6部分_作图内容/charts/Figure_6B_mechanism_flow_alluvial.png,63309f7781ace206c2b78aa0c642b123df85fdebfd08de351247f5905fe17c1a,,,201251
,作图部分/04_第6部分_作图内容/charts/Figure_6B_mechanism_flow_alluvial.svg,1659c5e696cddf850fd7232155b2052b5d22f17bf459e6ec0621ee0e33efd062,,,38601
,作图部分/04_第6部分_作图内容/charts/Figure_6C_decomposition_waterfall.pdf,15dd965d8aab8bd5c889e9e7a97e3b94aa102addfcad6833fd947ab8de5dcf89,,,21538
,作图部分/04_第6部分_作图内容/charts/Figure_6C_decomposition_waterfall.png,886313613e0ec652b2b015fc119c7dccf0c7f6781f189833e8a5b8f5e7d6affb,,,133633
,作图部分/04_第6部分_作图内容/charts/Figure_6C_decomposition_waterfall.svg,474ef8bf9e163d5a6896c50fdbfa48f1e3c13966535e20f0a5b9eff92828eb3c,,,57977
,作图部分/04_第6部分_作图内容/charts/Figure_6D_bootstrap_indirect_distribution.pdf,105fa5a23a07b85707c5c3605c4b4ffe124496839bb51b15cd9811b624177101,,,39831
,作图部分/04_第6部分_作图内容/charts/Figure_6D_bootstrap_indirect_distribution.png,4cd0809555874f609e49389b66aa2d4dffa30122132a4cca4c309fcc28b57829,,,176669
,作图部分/04_第6部分_作图内容/charts/Figure_6D_bootstrap_indirect_distribution.svg,f14ccd767864d0f155dbe8a9649fa190aeb4486da5928e7e644ed6fbe767ba61,,,125108
,作图部分/04_第6部分_作图内容/charts/Figure_6E_mechanism_evidence_scorecard.pdf,1f4ace5b3862304c78a4973fb6805f31ec9bdf5205b75969c9746397dcac3ae3,,,25493
,作图部分/04_第6部分_作图内容/charts/Figure_6E_mechanism_evidence_scorecard.png,76a619d6c63fda92ebc207b9b98d3ea49e596f98fdc28de1281d24ac64a5436b,,,193957
,作图部分/04_第6部分_作图内容/charts/Figure_6E_mechanism_evidence_scorecard.svg,64a299a09ea2eb2ebd88272d1f89f55ff298e2fd2b25ffb0d73d7341a2305aaf,,,87860
,作图部分/04_第6部分_作图内容/charts/Figure_6F_direct_effect_attenuation.pdf,79fd8fd23c5a691958eb5bdb55237b87a85d1c5db48c5a17e67f668482111447,,,28343
,作图部分/04_第6部分_作图内容/charts/Figure_6F_direct_effect_attenuation.png,f2bd2fa0a5c450ec7a3081187432b5b174308a57d368a4e4972982ca08243a43,,,152350
,作图部分/04_第6部分_作图内容/charts/Figure_6F_direct_effect_attenuation.svg,e419f9c5cf76a7393466df91aeccd5723932f352e032c47fbdf7761c9dd80730,,,76428
,作图部分/04_第6部分_作图内容/code/generate_part6_nonforest.py,ff97105c71c917ea8be8eb955f56ac6ccfe2a6a8d0db1f1fbc2875c6243300e7,,,11033
,作图部分/04_第6部分_作图内容/generation_info.json,405242f4865671de0bffc72826047a43202ba9419ccbf24d61089933d2437536,,,502
,作图部分/04_第6部分_作图内容/input_data/part5_baseline_did.xlsx,9667dfb9bc56434ad9636b98e99a1cb97fbd7583a457d53d550f088981032f8f,核心结论:9x2;正式回归结果长表:16x13;结果汇总表:6x4,,40531
,作图部分/04_第6部分_作图内容/input_data/part6_chain_mechanism.xlsx,66a26ad2b20a104565416b4ba0b62fbf7c36fdfcbb6f081d6dfdb0ba664ed5fd,分析说明:3x2;链式步骤回归:7x8;结果方程_含ABC:13x7,,7654
,作图部分/04_第6部分_作图内容/input_data/part6_main_mechanism.xlsx,e3df8a3a7dbe24e2ef39cbaaa3604a2328249f872715c07a5a4fa963c86aa9e9,核心结论:10x2;一阶段机制回归:16x11;一阶段系数汇总:6x4,,14862
,作图部分/04_第6部分_作图内容/input_data/part6_strict_mediation_bootstrap.xlsx,cc2777e89fced8cc81ea0c5d8c7fa182e5dfaab31038ad318d678eff5f54bbb2,分析说明:5x2;Sobel_OriginalBootstrap:4x14,,6671
,作图部分/04_第6部分_作图内容/input_data/part6_strict_mediation_light.xlsx,e2ad1ec17b68d39e1e835ef40e811f93bbb428af1e2a13b86a93b2aea76fd2a8,分析说明:4x2;Sobel_Bootstrap:4x12,,6393
,作图部分/04_第6部分_作图内容/input_file_mapping_utf8bom.csv,208c8dbca5c3db3969bbda73542ab12693a2237ecd06f0bb2fced191fa17ecfa,5,2,446
,作图部分/04_第6部分_作图内容/preview_contact_sheet.png,6b4344651b4ad194499fe09350a9db4028e18211109efa986940ec7f3da9370a,,,479419
,作图部分/04_第6部分_作图内容/requirements.txt,5d1444f1e13e721b8b22d4d1e53d19b6a23e967fb56f542f93945fd2b7fa3943,,,33
,作图部分/05_第7部分_作图内容/README.txt,b45fc11a21aa4c3e73c9dd4c9603a1745840949132edc095659ba76a68b47440,,,1128
,作图部分/05_第7部分_作图内容/charts/Figure_7_10_heterogeneity_scorecard.pdf,96bc63d99f86c5a6e15359e1086d2f8734fffc9c7ba09628f2cb53c0ff35364d,,,20300
,作图部分/05_第7部分_作图内容/charts/Figure_7_10_heterogeneity_scorecard.png,8eacc91bdf02a6bba02f78b961031f360ddfc4ea1e14775e12b1b343e52b8ce9,,,209193
,作图部分/05_第7部分_作图内容/charts/Figure_7_10_heterogeneity_scorecard.svg,b73a281f46576bad12efcf9574e3761ae099f4379f438b11576eb59fe61fe99e,,,59952
,作图部分/05_第7部分_作图内容/charts/Figure_7_11_heterogeneity_flow_summary.pdf,d5e2bfb11e3e6e294f148a72a7a191220747d63c75a31da913f6d95fddc7b777,,,15176
,作图部分/05_第7部分_作图内容/charts/Figure_7_11_heterogeneity_flow_summary.png,2b634e358ac5809153ae053d400aa3a0867da9c414315c92210a37291475f00f,,,266366
,作图部分/05_第7部分_作图内容/charts/Figure_7_11_heterogeneity_flow_summary.svg,5f24e3cab2f8423e6691755990b0408ddc5b04f2a864cafdebdb4cdf2c600d98,,,46350
,作图部分/05_第7部分_作图内容/charts/Figure_7_1_heterogeneity_atlas_dumbbell.pdf,a281a2fe7a1b7b54ecb42e142f6c665856e22fd61bae7861811c9bbedcf87aba,,,23296
,作图部分/05_第7部分_作图内容/charts/Figure_7_1_heterogeneity_atlas_dumbbell.png,9237f76a99fa0e9d73a68358ddd101f2995f1691d4e4f9b7368b20bfc7e6e910,,,249982
,作图部分/05_第7部分_作图内容/charts/Figure_7_1_heterogeneity_atlas_dumbbell.svg,392c3b93ae3344b00bdee3510348a230491ed7038f30ed3c1f4f098500380207,,,110647
,作图部分/05_第7部分_作图内容/charts/Figure_7_2_interaction_p_profile.pdf,3e033178e5ef7f4008d6d69a6ea97fa974a3ba49982778ccee259bcb9ea104cf,,,16791
,作图部分/05_第7部分_作图内容/charts/Figure_7_2_interaction_p_profile.png,f5be73e84873e49df7b2f57eb41f7e9bd06613db09f1fa77a3915734179bfbea,,,146078
,作图部分/05_第7部分_作图内容/charts/Figure_7_2_interaction_p_profile.svg,cb8e87fb8bbd8bd9dd700d7cd66c8b5fcba9d6880b47caffa24b229fd1694391,,,56103
,作图部分/05_第7部分_作图内容/charts/Figure_7_3_effect_frontier_scatter.pdf,7bce4060f5df493e56dcdd152ea7475d7f4fdeb60342440fddff368547c7aeb0,,,16901
,作图部分/05_第7部分_作图内容/charts/Figure_7_3_effect_frontier_scatter.png,307c1910a6b85f713c42e23a6bbc4c4f6604a553415bf2d35e7e82f0025cfc92,,,193506
,作图部分/05_第7部分_作图内容/charts/Figure_7_3_effect_frontier_scatter.svg,eb47548f2c03f83fce2e4b8fd9e2446c06e56eadead465a09746cf1c03102241,,,50268
,作图部分/05_第7部分_作图内容/charts/Figure_7_4_gap_ranking_lollipop.pdf,2fe4f838b06d215e0abcfa954841e6dedebdf8ce79c1161cd0157366e8b63af0,,,16330
,作图部分/05_第7部分_作图内容/charts/Figure_7_4_gap_ranking_lollipop.png,56930bd23cb68e317e1baa00dfa7a59d0c71e3e31d525d672938501b596ec775,,,253828
,作图部分/05_第7部分_作图内容/charts/Figure_7_4_gap_ranking_lollipop.svg,ceab0c12f9f0f2830f581f0af256f385b6c82f797dc808f9376d3ec7d329a3ec,,,64725
,作图部分/05_第7部分_作图内容/charts/Figure_7_5_risk_proxy_polarity.pdf,c50bb334b3f48b86e7e808c75531f46f34dc1372cb6e9a71186be9b7903b9c25,,,12077
,作图部分/05_第7部分_作图内容/charts/Figure_7_5_risk_proxy_polarity.png,d172d287dc4ad9dc8e640eb820f9bb298b8a8ddc68c0b89cd0ca6f3eb420fc5e,,,101517
,作图部分/05_第7部分_作图内容/charts/Figure_7_5_risk_proxy_polarity.svg,d2a27f0894eb66e414f8370444591c2d01e648e32b2f9e948e57b2f41bbd640f,,,29790
,作图部分/05_第7部分_作图内容/charts/Figure_7_6_risk_exposure_dumbbell.pdf,23b5b55a35a7c91ae28a50a8d83f079bf478dda17a30e9ab043833d045b9ee3f,,,16876
,作图部分/05_第7部分_作图内容/charts/Figure_7_6_risk_exposure_dumbbell.png,7c2a8a26cde9e607f1ffa171644c48621b6260440b4d35e508002b280042989b,,,114454
,作图部分/05_第7部分_作图内容/charts/Figure_7_6_risk_exposure_dumbbell.svg,14d6290e82db3d5deb91eaf170810181b44565f39bd841de6b1f9b0d82f06133,,,39630
,作图部分/05_第7部分_作图内容/charts/Figure_7_7_risk_exposure_decomposition.pdf,9b4a6567be504cba4123f226ede86af563a6866cb6b204c26c0a01f4e3d41f88,,,17330
,作图部分/05_第7部分_作图内容/charts/Figure_7_7_risk_exposure_decomposition.png,b1e4a1780e65cf5ff67c9b8f74589f8623faf255e3c8d91bc1fa83161e5a5fbd,,,155010
,作图部分/05_第7部分_作图内容/charts/Figure_7_7_risk_exposure_decomposition.svg,9d761ab2c17ae422bd63d1648b0698e41a0b884145269ddab6db40512e3de48d,,,57488
,作图部分/05_第7部分_作图内容/charts/Figure_7_8_gov_open_proxy_structure.pdf,735bf12b307d80323d0baa5b1db2ba006c87e2d1b5f6e6d9ff36cb13035e697d,,,13584
,作图部分/05_第7部分_作图内容/charts/Figure_7_8_gov_open_proxy_structure.png,7d8afb7074b889c05f5b442ebe6d790f62d03327944e99517067cb2e29b9b5a1,,,140938
,作图部分/05_第7部分_作图内容/charts/Figure_7_8_gov_open_proxy_structure.svg,9339d6009cd2098e4e0a5103a55739bbe694f86f20518bbc559e2f55397b74ff,,,32457
,作图部分/05_第7部分_作图内容/charts/Figure_7_9_gov_open_dumbbell.pdf,f152f9703f55d185c3def342ffa894f5b2458dd05f6b605a18ed87413a9faf23,,,17563
,作图部分/05_第7部分_作图内容/charts/Figure_7_9_gov_open_dumbbell.png,8bcd335003b3945b596704d549ec3cac090c699e67fe108edcdfeddba813dd37,,,117764
,作图部分/05_第7部分_作图内容/charts/Figure_7_9_gov_open_dumbbell.svg,6a1f071f6f949168a1b338c755b68d8e9158674171b98012835dcb0efe284170,,,42145
,作图部分/05_第7部分_作图内容/code/generate_part7_full11.py,8df4a749ccdf621deb689e8e0af56ffa6638319decc8cde28cf9e63397d547e7,,,19338
,作图部分/05_第7部分_作图内容/generation_info.json,529e2a549507023b61a42889499a79d6a43da44b55904851afa6303383f20fbf,,,237
,作图部分/05_第7部分_作图内容/input_data/README_source_cn.txt,dbe0206ccc1f24caf665614b6a8aa163f44412962758bd5dc0c979a3a9219e19,,,927
,作图部分/05_第7部分_作图内容/input_data/part7_1to4_heterogeneity.xlsx,323ff5acb3d317656767fd33332504810a52b4f9b0386cc16afed6a9efbe81a4,分析说明:5x2;全部异质性结果:46x13;交互项摘要:13x5,,11987
,作图部分/05_第7部分_作图内容/input_data/part7_5_risk_exposure.xlsx,446b08fd490862767809ede9074bd4d04a57d9f4e048f31f629c3dacd66bf4c2,风险暴露指数构造:7x3;分析说明:4x2;交互项摘要:4x4,,8897
,作图部分/05_第7部分_作图内容/input_data/part7_6_gov_open.xlsx,2d18fb19006fd7a2bfdf98e8bcef8c931af1ee8b2fe0186577efc1948a5bab93,分析说明:3x2;代理变量构造:4x2;回归结果:10x7,,7172
,作图部分/05_第7部分_作图内容/input_file_mapping_utf8bom.csv,c5eb802e39c3770971e4d19dd011dadaf38ce8558692ce7c58e895f478b9f971,4,2,338
,作图部分/05_第7部分_作图内容/preview_contact_sheet.png,011078dcfb94a83b56fa7db689d962ec92bc03d75fd5a3150a9393a962129916,,,247556
,作图部分/05_第7部分_作图内容/requirements.txt,5d1444f1e13e721b8b22d4d1e53d19b6a23e967fb56f542f93945fd2b7fa3943,,,33
,作图部分/06_第8部分_作图内容/README.txt,7fe53d7efa17be9fa9febd9e67d762b50772294a37effb8d1c46f88df75458d1,,,909
,作图部分/06_第8部分_作图内容/charts/Figure_8_10_dml_fold_diagnostics.pdf,c97eee4bb44c7f6bccf2e1421b5a5bebc9db9ef0e1200a8191ea3b18d1c24745,,,28167
,作图部分/06_第8部分_作图内容/charts/Figure_8_10_dml_fold_diagnostics.png,cebe35f816f1a48e4a99d24a919f1aca66e573686f64dee076d92d60bd62ddd2,,,541901
,作图部分/06_第8部分_作图内容/charts/Figure_8_10_dml_fold_diagnostics.svg,4c53e8b6c13d5fdc5cd14616bf31d353567f8c7456ca66be638e7b87b8bb9154,,,80287
,作图部分/06_第8部分_作图内容/charts/Figure_8_11_robustness_scorecard.pdf,43af1eab67cf055417b959df8c31e30401c2d8145c4960d7f4bb6d3492774e7a,,,22827
,作图部分/06_第8部分_作图内容/charts/Figure_8_11_robustness_scorecard.png,a284fdbe125305afcd9f6b30e655080c3a8167d2a50df0594d0a9ad895e97013,,,201576
,作图部分/06_第8部分_作图内容/charts/Figure_8_11_robustness_scorecard.svg,862bd7012c1080f666edca9fe0b39723fa87e1171de23cd44670cfbfb9e6fddf,,,50384
,作图部分/06_第8部分_作图内容/charts/Figure_8_1_robustness_architecture_map.pdf,6fea0323720beed84ebad76390aa14065e57c14bb16a2ea2e41ed570ea0fe0ef,,,26801
,作图部分/06_第8部分_作图内容/charts/Figure_8_1_robustness_architecture_map.png,ae97211d857bd30246f1fc777dc09f10241ea385203c3c084d4b1608b778d2af,,,288412
,作图部分/06_第8部分_作图内容/charts/Figure_8_1_robustness_architecture_map.svg,f1f02fdfd3dbc6b5bd8999ffaabd8ef529c179ba111a0ab9fafd0c6a25958e32,,,66861
,作图部分/06_第8部分_作图内容/charts/Figure_8_2_effect_significance_frontier.pdf,b024627217753d2da02f040ad27c58d418552f5692f9d3e2bae25913e063da8d,,,31381
,作图部分/06_第8部分_作图内容/charts/Figure_8_2_effect_significance_frontier.png,481d18030a9d97680450d91ec264580b755e143aba857e56e2bd38b53887fc7b,,,286347
,作图部分/06_第8部分_作图内容/charts/Figure_8_2_effect_significance_frontier.svg,ea7fc5802501e490d830410f826dfd2f8fe2fdef87ada136ec3e7f700d5a0d40,,,90955
,作图部分/06_第8部分_作图内容/charts/Figure_8_3_treatshare_stability_panels.pdf,d6e1d028df324b2f65195c3fe7781ec3c4b514b775c443459dc3ef335dc39c2c,,,26171
,作图部分/06_第8部分_作图内容/charts/Figure_8_3_treatshare_stability_panels.png,747f90dffe4c24323cf7827a1be5ffa5bc728d79bdaca73e8f5cd1d812eccca9,,,260077
,作图部分/06_第8部分_作图内容/charts/Figure_8_3_treatshare_stability_panels.svg,7ceb418ad41b2eb235c73dafee7401842466f54d040fcab6b913ec4e59e5c677,,,71303
,作图部分/06_第8部分_作图内容/charts/Figure_8_4_psm_love_plot.pdf,c9825a4cedb1a3bd58479eafff552a6523d2bdaf6fd27c280938cac9af7d7c7f,,,24630
,作图部分/06_第8部分_作图内容/charts/Figure_8_4_psm_love_plot.png,b52488af8223ace6c03253a04a2a3e8d2b8636c4b56f47f92d01d76b246fb43e,,,170763
,作图部分/06_第8部分_作图内容/charts/Figure_8_4_psm_love_plot.svg,69fcb4d8287bd67de6ada404a62a97f8f855fd5875597bd124635c3a181c5994,,,55114
,作图部分/06_第8部分_作图内容/charts/Figure_8_5_common_support_mirror_density.pdf,344f8b8f58d6a536c16a54386ff75a69f3fbc181c9486899e03f187c10197269,,,26779
,作图部分/06_第8部分_作图内容/charts/Figure_8_5_common_support_mirror_density.png,fc388c04c42a6a3df2cc9d17463006cec436ab313a7b17dced96eec7883b36f3,,,126340
,作图部分/06_第8部分_作图内容/charts/Figure_8_5_common_support_mirror_density.svg,c1cb5885a077d3fc5b1a21ef7de0c47092837328ed585024d2205278a6f54964,,,56751
,作图部分/06_第8部分_作图内容/charts/Figure_8_6_matched_vs_baseline_dumbbell.pdf,68077087eee1c9dba89033e22e4019ed88ab6d9956ece088ed5682247b714198,,,24544
,作图部分/06_第8部分_作图内容/charts/Figure_8_6_matched_vs_baseline_dumbbell.png,d6a5d725a103b650d95c8b846992a0b75457a822a427ac6f074516a2b46cb36d,,,116668
,作图部分/06_第8部分_作图内容/charts/Figure_8_6_matched_vs_baseline_dumbbell.svg,9e871380d27f1afdc0afb3ef7ffa35a38823717f85011075ab75c9e72312bd27,,,44619
,作图部分/06_第8部分_作图内容/charts/Figure_8_7_iv_candidate_quadrant.pdf,09f79093664c118bd35d99741611650fc07dd6ccefdc77708f6a5ac46edd734d,,,22651
,作图部分/06_第8部分_作图内容/charts/Figure_8_7_iv_candidate_quadrant.png,8fa5da725b0b26524b46a8db16f7b1cfdc4e66afa8fde97b189c88767f8a800e,,,198147
,作图部分/06_第8部分_作图内容/charts/Figure_8_7_iv_candidate_quadrant.svg,fa3677ba92320d6f5659d5f63bf31e5b720834c41e9557f912cacde800c22d22,,,53957
,作图部分/06_第8部分_作图内容/charts/Figure_8_8_iv_candidate_profiles.pdf,dc9cdb4bf0245cb817205c154a10de1c4d1f773356ae4cb81abe2c32629211c7,,,22914
,作图部分/06_第8部分_作图内容/charts/Figure_8_8_iv_candidate_profiles.png,2e63abd803794759cca1cae94d9f868bef027c8634f0f2ca4c7302839c1a9570,,,123782
,作图部分/06_第8部分_作图内容/charts/Figure_8_8_iv_candidate_profiles.svg,2020c60a09d71a179fc9e2a5969cdb6ccd3f59d8281737c5261891e9aa504d02,,,59400
,作图部分/06_第8部分_作图内容/charts/Figure_8_9_dml_vs_baseline_dumbbell.pdf,2aaddac7c68a5cfdf12de4eb3329397515430d60b21d42e5db6ecba653bee9e8,,,23050
,作图部分/06_第8部分_作图内容/charts/Figure_8_9_dml_vs_baseline_dumbbell.png,b8a4cbe3d5baa8b5a987e3faa11012ef8c92bc60342433033ded709b8ff51c11,,,104237
,作图部分/06_第8部分_作图内容/charts/Figure_8_9_dml_vs_baseline_dumbbell.svg,252b4dee7d6e4cddbfcd91bced4e71e442d2dddf11618b271e7729969a66e2a4,,,41580
,作图部分/06_第8部分_作图内容/code/generate_part8_full11.py,c3e8b8285a1ccabe47f2c12cf75b61a7b29442b3beefc4c84659e831f705e3f2,,,17369
,作图部分/06_第8部分_作图内容/generation_info.json,00033bf816340c2dad9366af704eca325fe7b86e24d01773c68348f5b2c7fb09,,,1462
,作图部分/06_第8部分_作图内容/input_data/baseline.xlsx,9667dfb9bc56434ad9636b98e99a1cb97fbd7583a457d53d550f088981032f8f,核心结论:9x2;正式回归结果长表:16x13;结果汇总表:6x4,,40531
,作图部分/06_第8部分_作图内容/input_data/dml.xlsx,d6fcb6438ac0c5906cf58acb760017c89f49714d0c6beed5ef41317a85de57a5,分析说明:4x2;DML结果汇总:4x7;fold_ppp_quality_pca_rebu:6x7,,8600
,作图部分/06_第8部分_作图内容/input_data/iv.xlsx,be50c6677f88f1bc375150e97863c95aa83dd415cc58457409e5c50975107254,核心结论:6x2;候选IV筛查:11x7;是否实施IV:5x3,,8708
,作图部分/06_第8部分_作图内容/input_data/psm.xlsx,7bf985a0172eb1cbeef5663e2f44a443e80db39ba91ebc1a83a7a02b3f7d97d7,分析说明:7x2;匹配前后平衡性:9x7;匹配后DID结果:4x11,,40576
,作图部分/06_第8部分_作图内容/input_data/robustness.xlsx,cf998737c10d77d2818b2461ef41d03843f4f0a4579ec15b2b190832dfce46a6,核心结论:7x2;全部稳健性结果:40x12;主规格摘要:31x13,,14037
,作图部分/06_第8部分_作图内容/input_file_mapping_utf8bom.csv,e098605bf5f741905b1a248e52f8100d561f89d57c4b33fbd933d253a53ced58,5,2,331
,作图部分/06_第8部分_作图内容/preview_contact_sheet.png,ed5b8c1a43dc7adbe3b7f2749e7497cd1a25992be8b68050a2b6bfd2809e5c41,,,166066
,作图部分/06_第8部分_作图内容/requirements.txt,e64cb63aedb1cc3e991040758d49c7f988d9f2815c39a4f3a5f37402b411f28a,,,54
,作图部分/PPP_BERTopic主题相似性矩阵_py与数据包/README.txt,5c684781e9bbcc862cc32ba3218b3d7853ef64ef748a7209493cc79823431e9a,,,1296
,作图部分/PPP_BERTopic主题相似性矩阵_py与数据包/data/PPP_BERTopic主题相似性矩阵_V2_四级十二类_修正版.xlsx,d402437e39fb9692050f90e3e842859e99426863d092e60a7ab5e5afe81ab5f3,相似性矩阵:25x25;最相近主题对:277x9;热力图标签对照:25x6,,33684
,作图部分/PPP_BERTopic主题相似性矩阵_py与数据包/data/PPP_BERTopic文档主题分配_V2_四级十二类_实际执行版.csv,3f2b981322565e1af3ea3b7a3b0c3129fcfaa218aa714992d337813c27e76001,1472,10,353949
,作图部分/PPP_BERTopic主题相似性矩阵_py与数据包/data/PPP_BERTopic正式版_V2_四级十二类_实际执行版.xlsx,bd3be7140192808e59aeedcf1c4057b2a51053f7ed924f025e2a7c0fe3095113,主题总表:25x11;主题映射:25x10;代表性文本:121x8,,175995
,作图部分/PPP_BERTopic主题相似性矩阵_py与数据包/data/PPP_政策文本整合结果_1472篇.csv,a5218161898b320d994adbba609c38a3d4a9f78247a303688d9bf68b41e6ebff,116091,5,16207710
,作图部分/PPP_BERTopic主题相似性矩阵_py与数据包/outputs/PPP_BERTopic主题相似性矩阵_V2_四级十二类_修正版.png,da940ebf6cf0e51cdc7dae6e2f33eeac831e4fdf2b1562931e74bd5b8df2fa8b,,,117305
,作图部分/PPP_BERTopic主题相似性矩阵_py与数据包/outputs/PPP_BERTopic主题相似性矩阵_官方GnBu冰蓝版.png,0615b09ea8117cb3944bb43ae6d1c436d4c91c371ea01b7e4c6dbac278da496f,,,171529
,作图部分/PPP_BERTopic主题相似性矩阵_py与数据包/outputs/PPP_BERTopic主题相似性矩阵_官方GnBu冰蓝版.svg,cb6b4891234aab08b38213af0d9ad391b0d9b8ba5388675cbbcdd36d2258ee2b,,,80306
,作图部分/PPP_BERTopic主题相似性矩阵_py与数据包/outputs/PPP_BERTopic主题相似性矩阵_官方GnBu冰蓝版_标签对照.xlsx,3fce092d8ac7078ea22463724537c9d21b3e69831717cdc575b5985a989d8ac3,Sheet1:25x6,,7189
,作图部分/PPP_BERTopic主题相似性矩阵_py与数据包/scripts/build_topic_similarity_matrix_revised.py,4fd191db4435b762e5e0f5ed14ecf10a6a85143d79014e22886108356d186c54,,,5614
,作图部分/PPP_BERTopic主题相似性矩阵_py与数据包/scripts/plot_topic_similarity_gnbu_official.py,cabdfeb93978955ce170c73a0e3babe2dfded15f5eb42d6f1cf1607a234483e4,,,2827
,作图部分/README_总说明.txt,cc7a65f276b3874786357df1ee48b4ea07d275321b21004f9c9d79a500cc49a8,,,898
,作图部分/云图/make_specification_dashboard_fancy_exact.py,df4cd08a7ee7b50270f4df3dd5cbaa899f95f9c452bbe6283d210fb0d7a3e5df,,,8541
,作图部分/云图/plot_font_setup_cn_exact.py,9bf9882e9c58290adcd90c537a29663097752d0cdf25f4af983ab822c5bdb966,,,449
,作图部分/云图/sample_fig4_specification_dashboard_fancy_exact.pdf,ae64d7eff031bb30db8eddc58a5373cf10a4ab496bb51a18356c034c6179b33f,,,88391
,作图部分/云图/sample_fig4_specification_dashboard_fancy_exact.png,6adb9948ae7bf265fe6ced1182e3454de81f4f105dc09eaff513dd1e450c7443,,,656422
,作图部分/作图内容清单.txt,613a3f69c8f55657e618d64d49672749e3bf07e0eac5064d314f20d1b7d5994e,,,485
,参考文献/A1重点（工作量，研究设计）不同来源金融文本信.pdf,fcb8240b7be4ccc2a3ba725f6baa93b8ac9fb91767dcb8bcd628850752157129,,,2033916
,参考文献/A2基于深度学习的我国科技政策属性识别_李牧南.pdf,59211b80b46646c2ffb7fb103ee41dafba9958623aa3af1f12e882c2cb625fa9,,,552992
,参考文献/A3PPP政策内容分析及其市场影响_孙慧.pdf,45284ee7c9af0b414d86c808ea814f722ffdef4434239ecd566e521693ad413e,,,998847
,参考文献/A4经济增长目标引领与项目推进：基于中国PPP项目进程的分析_汪峰-2.pdf,f0ed1079420ee96f8b13ce99958224f33d05b8f3d58de05f659c050bcffe39d2,,,1534543
,参考文献/B1政策取向一致性与企业高质量绿色转型_王渊.pdf,d9575849e29cade8064ab4553d051146af3751278f9ff69eb0f9e7e180722109,,,1754261
,参考文献/B2（文本分析，有工作量，较新）地方政府视域.pdf,74db6d8c0c7baabd0b64c671aa3be2d895754ccf80087e5f500182e699d12dcc,,,320263
,参考文献/B3（文本分析，作图），变与稳：危机事件触发政策系.pdf,a05acb6dc20de77e9e4c76364040cf9c3dd0728a8a917bbb9db4960ca0ab8e97,,,2001793
,参考文献/B4（工作量，变量设计，DID）大数据综合试验区提升.pdf,5fb7f68557b9b486188caf6ea3f3fc0dfaddd5735743e9fc5a6c3db990e561fb,,,1609476
,参考文献/B5数字风险治理：研究脉络、理论框架及未来展望_范柏乃.pdf,afb58785ded88a8752b2830fb3fcdf5cb818a5407c9bcbe14f71179057ec1144,,,2439907
,参考文献/C1基于BERTopic的计算机视觉领域热点技术主题及演化分析_王蓝蓝.pdf,d5ac1212965d7891d71e4df06cad81b7ec87e87cea11c24b18191c2d0947f8a3,,,2803432
,参考文献/C2政策信息学视角下政策文本量化方法研究进展_曹玲静.pdf,308fc6648478d2ffe6909a9af327942111f3ca974cbcc3dde7072e1051f82e77,,,3495519
,参考文献/C3注册制改革、信息披露与投资者行为——基于创业板定向增发的证据_边江泽.pdf,c13486c40750d05a204b619d73586babdb8431ab75100b5409f367671ec04b76,,,1825146
,参考文献/C4基于大语言模型的多阶段网络舆情驱动群体共识决策方法研究_刘敏.pdf,2e1a95d7d425fdc66bb24faff188b519a398201a0e36b516118e2e0ea933bbbd,,,1410365
,数据总表（一切数据基础）.xlsx,6da22f9d634b903a01fa1268dff06cecee43591bb4970eadbd1764e7c5b5e1d8,总目录:39x6;01_Index:16x9;02_City_Governance:147060x9,,48305590
,最终采用文件清单.txt,66a5fc8c1cda3ca9e56c0b44464db5b60971e6143824c65fca29a86bc0a77e0c,,,7631
,本次修正文件清单_20260412.txt,872799d616cf1af016e88b320a0de87ac56e197aa3f838401329855cd0040c50,,,2181
,本次删除文件清单_20260412.txt,24c5cd28f9a05800d4bbbe35206b8f54abc18cc6a4fe3f3f719ed9113db121e6,,,4582
,版本与口径对照表_20260412.csv,c1b0ead00b83518d682ced7ead9cea9a79ee375ad5d3fd069f80fdaeaba0cd75,30,3,10061
,版本与口径对照表_20260412_v3.csv,eb55ce37dcce77dea9d0462919496d369032fc65e76788821b147465471ad127,32,3,9976
,疑似旧版或重复文件清单.txt,72eee461f58c16d2dcc2a130d34df3d6f39bf54c62644f602bb615448a39f735,,,235
,问题核对与修改落实清单_20260412.csv,ecc55726518bba4c88a6fb70f01ba3eaf5f7fabd631d4436e1c22c9e0c9a3763,8,4,1889
,问题核对与修改落实清单_20260412_v3.csv,a2b7796d1dee8162b5505d7de0af2258ae8391463265de02c716a706b78e7b6d,7,3,1190
