province,year,project_n,disclosure_completeness_proxy_mean,disclosure_fields_nonmissing_mean,项目概况_nonmissing_rate,项目概况_avg_len,合作范围_nonmissing_rate,合作范围_avg_len,批复意见_nonmissing_rate,批复意见_avg_len,is_exec_mean,is_proc_mean,is_prep_mean,fiscal_pass_mean,vfm_pass_mean,mechanism_proxy_status,source_file
上海市,2015,3,1.0,3.0,1.0,270.0,1.0,156.0,1.0,8.0,1.0,0.0,0.0,1.0,1.0,candidate_project_level_proxy_not_registry_derived,C:\Users\陈楚玲\Desktop\ppp论文数据\codex项目\ppp论文数据\02_第9部分_最终可用内容\（补充）项目级建模底表\PPP_project_level_risk_model_data_v3_无泄漏严格版_标签统一_20260413_0912.csv
上海市,2016,1,1.0,3.0,1.0,194.0,1.0,79.0,1.0,75.0,1.0,0.0,0.0,1.0,1.0,candidate_project_level_proxy_not_registry_derived,C:\Users\陈楚玲\Desktop\ppp论文数据\codex项目\ppp论文数据\02_第9部分_最终可用内容\（补充）项目级建模底表\PPP_project_level_risk_model_data_v3_无泄漏严格版_标签统一_20260413_0912.csv
上海市,2017,1,1.0,3.0,1.0,408.0,1.0,123.0,1.0,147.0,1.0,0.0,0.0,1.0,1.0,candidate_project_level_proxy_not_registry_derived,C:\Users\陈楚玲\Desktop\ppp论文数据\codex项目\ppp论文数据\02_第9部分_最终可用内容\（补充）项目级建模底表\PPP_project_level_risk_model_data_v3_无泄漏严格版_标签统一_20260413_0912.csv
上海市,2018,1,1.0,3.0,1.0,225.0,1.0,102.0,1.0,33.0,1.0,0.0,0.0,1.0,1.0,candidate_project_level_proxy_not_registry_derived,C:\Users\陈楚玲\Desktop\ppp论文数据\codex项目\ppp论文数据\02_第9部分_最终可用内容\（补充）项目级建模底表\PPP_project_level_risk_model_data_v3_无泄漏严格版_标签统一_20260413_0912.csv
上海市,2019,1,1.0,3.0,1.0,398.0,1.0,281.0,1.0,210.0,1.0,0.0,0.0,1.0,1.0,candidate_project_level_proxy_not_registry_derived,C:\Users\陈楚玲\Desktop\ppp论文数据\codex项目\ppp论文数据\02_第9部分_最终可用内容\（补充）项目级建模底表\PPP_project_level_risk_model_data_v3_无泄漏严格版_标签统一_20260413_0912.csv
上海市,2022,1,1.0,3.0,1.0,211.0,1.0,175.0,1.0,4.0,0.0,1.0,0.0,1.0,1.0,candidate_project_level_proxy_not_registry_derived,C:\Users\陈楚玲\Desktop\ppp论文数据\codex项目\ppp论文数据\02_第9部分_最终可用内容\（补充）项目级建模底表\PPP_project_level_risk_model_data_v3_无泄漏严格版_标签统一_20260413_0912.csv
中央,2016,1,0.6666666666666666,2.0,1.0,130.0,1.0,157.0,0.0,0.0,0.0,1.0,0.0,1.0,1.0,candidate_project_level_proxy_not_registry_derived,C:\Users\陈楚玲\Desktop\ppp论文数据\codex项目\ppp论文数据\02_第9部分_最终可用内容\（补充）项目级建模底表\PPP_project_level_risk_model_data_v3_无泄漏严格版_标签统一_20260413_0912.csv
中央,2017,3,0.7777777777777777,2.3333333333333335,1.0,347.0,1.0,152.66666666666666,0.3333333333333333,93.33333333333333,0.0,1.0,0.0,1.0,1.0,candidate_project_level_proxy_not_registry_derived,C:\Users\陈楚玲\Desktop\ppp论文数据\codex项目\ppp论文数据\02_第9部分_最终可用内容\（补充）项目级建模底表\PPP_project_level_risk_model_data_v3_无泄漏严格版_标签统一_20260413_0912.csv
云南省,2013,2,0.8333333333333333,2.5,1.0,329.0,1.0,164.5,0.5,189.5,1.0,0.0,0.0,1.0,1.0,candidate_project_level_proxy_not_registry_derived,C:\Users\陈楚玲\Desktop\ppp论文数据\codex项目\ppp论文数据\02_第9部分_最终可用内容\（补充）项目级建模底表\PPP_project_level_risk_model_data_v3_无泄漏严格版_标签统一_20260413_0912.csv
云南省,2014,2,1.0,3.0,1.0,281.0,1.0,254.0,1.0,43.0,1.0,0.0,0.0,1.0,1.0,candidate_project_level_proxy_not_registry_derived,C:\Users\陈楚玲\Desktop\ppp论文数据\codex项目\ppp论文数据\02_第9部分_最终可用内容\（补充）项目级建模底表\PPP_project_level_risk_model_data_v3_无泄漏严格版_标签统一_20260413_0912.csv
云南省,2015,38,0.9912280701754386,2.973684210526316,1.0,316.2105263157895,1.0,213.26315789473685,0.9736842105263158,49.44736842105263,1.0,0.0,0.0,1.0,1.0,candidate_project_level_proxy_not_registry_derived,C:\Users\陈楚玲\Desktop\ppp论文数据\codex项目\ppp论文数据\02_第9部分_最终可用内容\（补充）项目级建模底表\PPP_project_level_risk_model_data_v3_无泄漏严格版_标签统一_20260413_0912.csv
云南省,2016,73,1.0,3.0,1.0,335.90410958904107,1.0,214.7945205479452,1.0,70.41095890410959,0.9863013698630136,0.0136986301369863,0.0,1.0,1.0,candidate_project_level_proxy_not_registry_derived,C:\Users\陈楚玲\Desktop\ppp论文数据\codex项目\ppp论文数据\02_第9部分_最终可用内容\（补充）项目级建模底表\PPP_project_level_risk_model_data_v3_无泄漏严格版_标签统一_20260413_0912.csv
云南省,2017,126,1.0,3.0,1.0,343.3333333333333,1.0,229.36507936507937,1.0,59.98412698412698,0.9523809523809523,0.047619047619047616,0.0,1.0,1.0,candidate_project_level_proxy_not_registry_derived,C:\Users\陈楚玲\Desktop\ppp论文数据\codex项目\ppp论文数据\02_第9部分_最终可用内容\（补充）项目级建模底表\PPP_project_level_risk_model_data_v3_无泄漏严格版_标签统一_20260413_0912.csv
云南省,2018,63,1.0,3.0,1.0,304.63492063492066,1.0,255.79365079365078,1.0,104.85714285714286,0.8095238095238095,0.14285714285714285,0.047619047619047616,1.0,1.0,candidate_project_level_proxy_not_registry_derived,C:\Users\陈楚玲\Desktop\ppp论文数据\codex项目\ppp论文数据\02_第9部分_最终可用内容\（补充）项目级建模底表\PPP_project_level_risk_model_data_v3_无泄漏严格版_标签统一_20260413_0912.csv
云南省,2019,52,1.0,3.0,1.0,318.13461538461536,1.0,206.42307692307693,1.0,107.26923076923077,0.6730769230769231,0.28846153846153844,0.038461538461538464,1.0,1.0,candidate_project_level_proxy_not_registry_derived,C:\Users\陈楚玲\Desktop\ppp论文数据\codex项目\ppp论文数据\02_第9部分_最终可用内容\（补充）项目级建模底表\PPP_project_level_risk_model_data_v3_无泄漏严格版_标签统一_20260413_0912.csv
云南省,2020,52,1.0,3.0,1.0,278.9807692307692,1.0,225.98076923076923,1.0,57.71153846153846,0.7115384615384616,0.25,0.038461538461538464,1.0,1.0,candidate_project_level_proxy_not_registry_derived,C:\Users\陈楚玲\Desktop\ppp论文数据\codex项目\ppp论文数据\02_第9部分_最终可用内容\（补充）项目级建模底表\PPP_project_level_risk_model_data_v3_无泄漏严格版_标签统一_20260413_0912.csv
云南省,2021,2,1.0,3.0,1.0,293.5,1.0,201.0,1.0,33.0,0.5,0.5,0.0,1.0,1.0,candidate_project_level_proxy_not_registry_derived,C:\Users\陈楚玲\Desktop\ppp论文数据\codex项目\ppp论文数据\02_第9部分_最终可用内容\（补充）项目级建模底表\PPP_project_level_risk_model_data_v3_无泄漏严格版_标签统一_20260413_0912.csv
内蒙古自治区,2014,2,1.0,3.0,1.0,285.0,1.0,265.0,1.0,7.5,1.0,0.0,0.0,1.0,1.0,candidate_project_level_proxy_not_registry_derived,C:\Users\陈楚玲\Desktop\ppp论文数据\codex项目\ppp论文数据\02_第9部分_最终可用内容\（补充）项目级建模底表\PPP_project_level_risk_model_data_v3_无泄漏严格版_标签统一_20260413_0912.csv
内蒙古自治区,2015,36,0.9907407407407407,2.9722222222222223,1.0,241.97222222222223,0.9722222222222222,172.69444444444446,1.0,64.27777777777777,0.9444444444444444,0.027777777777777776,0.027777777777777776,1.0,1.0,candidate_project_level_proxy_not_registry_derived,C:\Users\陈楚玲\Desktop\ppp论文数据\codex项目\ppp论文数据\02_第9部分_最终可用内容\（补充）项目级建模底表\PPP_project_level_risk_model_data_v3_无泄漏严格版_标签统一_20260413_0912.csv
内蒙古自治区,2016,73,0.9817351598173517,2.9452054794520546,1.0,275.4246575342466,0.9863013698630136,181.75342465753425,0.958904109589041,66.86301369863014,0.958904109589041,0.0,0.0410958904109589,0.9863013698630136,0.9863013698630136,candidate_project_level_proxy_not_registry_derived,C:\Users\陈楚玲\Desktop\ppp论文数据\codex项目\ppp论文数据\02_第9部分_最终可用内容\（补充）项目级建模底表\PPP_project_level_risk_model_data_v3_无泄漏严格版_标签统一_20260413_0912.csv
内蒙古自治区,2017,95,0.9929824561403509,2.9789473684210526,1.0,302.6842105263158,1.0,191.52631578947367,0.9789473684210527,106.43157894736842,0.9263157894736842,0.07368421052631578,0.0,1.0,1.0,candidate_project_level_proxy_not_registry_derived,C:\Users\陈楚玲\Desktop\ppp论文数据\codex项目\ppp论文数据\02_第9部分_最终可用内容\（补充）项目级建模底表\PPP_project_level_risk_model_data_v3_无泄漏严格版_标签统一_20260413_0912.csv
内蒙古自治区,2018,29,1.0,3.0,1.0,305.8965517241379,1.0,178.75862068965517,1.0,110.03448275862068,0.7931034482758621,0.1724137931034483,0.034482758620689655,1.0,1.0,candidate_project_level_proxy_not_registry_derived,C:\Users\陈楚玲\Desktop\ppp论文数据\codex项目\ppp论文数据\02_第9部分_最终可用内容\（补充）项目级建模底表\PPP_project_level_risk_model_data_v3_无泄漏严格版_标签统一_20260413_0912.csv
内蒙古自治区,2019,8,1.0,3.0,1.0,366.0,1.0,211.375,1.0,85.0,0.625,0.375,0.0,1.0,1.0,candidate_project_level_proxy_not_registry_derived,C:\Users\陈楚玲\Desktop\ppp论文数据\codex项目\ppp论文数据\02_第9部分_最终可用内容\（补充）项目级建模底表\PPP_project_level_risk_model_data_v3_无泄漏严格版_标签统一_20260413_0912.csv
内蒙古自治区,2020,12,1.0,3.0,1.0,283.8333333333333,1.0,130.5,1.0,54.833333333333336,0.9166666666666666,0.08333333333333333,0.0,1.0,1.0,candidate_project_level_proxy_not_registry_derived,C:\Users\陈楚玲\Desktop\ppp论文数据\codex项目\ppp论文数据\02_第9部分_最终可用内容\（补充）项目级建模底表\PPP_project_level_risk_model_data_v3_无泄漏严格版_标签统一_20260413_0912.csv
内蒙古自治区,2021,1,1.0,3.0,1.0,227.0,1.0,82.0,1.0,4.0,0.0,1.0,0.0,1.0,1.0,candidate_project_level_proxy_not_registry_derived,C:\Users\陈楚玲\Desktop\ppp论文数据\codex项目\ppp论文数据\02_第9部分_最终可用内容\（补充）项目级建模底表\PPP_project_level_risk_model_data_v3_无泄漏严格版_标签统一_20260413_0912.csv
内蒙古自治区,2022,1,1.0,3.0,1.0,207.0,1.0,207.0,1.0,2.0,0.0,1.0,0.0,1.0,1.0,candidate_project_level_proxy_not_registry_derived,C:\Users\陈楚玲\Desktop\ppp论文数据\codex项目\ppp论文数据\02_第9部分_最终可用内容\（补充）项目级建模底表\PPP_project_level_risk_model_data_v3_无泄漏严格版_标签统一_20260413_0912.csv
北京市,2012,1,1.0,3.0,1.0,119.0,1.0,74.0,1.0,242.0,1.0,0.0,0.0,1.0,1.0,candidate_project_level_proxy_not_registry_derived,C:\Users\陈楚玲\Desktop\ppp论文数据\codex项目\ppp论文数据\02_第9部分_最终可用内容\（补充）项目级建模底表\PPP_project_level_risk_model_data_v3_无泄漏严格版_标签统一_20260413_0912.csv
北京市,2013,2,1.0,3.0,1.0,233.0,1.0,55.5,1.0,9.0,1.0,0.0,0.0,1.0,1.0,candidate_project_level_proxy_not_registry_derived,C:\Users\陈楚玲\Desktop\ppp论文数据\codex项目\ppp论文数据\02_第9部分_最终可用内容\（补充）项目级建模底表\PPP_project_level_risk_model_data_v3_无泄漏严格版_标签统一_20260413_0912.csv
北京市,2014,6,1.0,3.0,1.0,126.66666666666667,1.0,90.5,1.0,31.666666666666668,1.0,0.0,0.0,1.0,1.0,candidate_project_level_proxy_not_registry_derived,C:\Users\陈楚玲\Desktop\ppp论文数据\codex项目\ppp论文数据\02_第9部分_最终可用内容\（补充）项目级建模底表\PPP_project_level_risk_model_data_v3_无泄漏严格版_标签统一_20260413_0912.csv
北京市,2015,6,1.0,3.0,1.0,254.83333333333334,1.0,133.0,1.0,3.0,1.0,0.0,0.0,1.0,1.0,candidate_project_level_proxy_not_registry_derived,C:\Users\陈楚玲\Desktop\ppp论文数据\codex项目\ppp论文数据\02_第9部分_最终可用内容\（补充）项目级建模底表\PPP_project_level_risk_model_data_v3_无泄漏严格版_标签统一_20260413_0912.csv
北京市,2016,31,1.0,3.0,1.0,213.93548387096774,1.0,159.83870967741936,1.0,5.903225806451613,0.967741935483871,0.03225806451612903,0.0,1.0,1.0,candidate_project_level_proxy_not_registry_derived,C:\Users\陈楚玲\Desktop\ppp论文数据\codex项目\ppp论文数据\02_第9部分_最终可用内容\（补充）项目级建模底表\PPP_project_level_risk_model_data_v3_无泄漏严格版_标签统一_20260413_0912.csv
北京市,2017,17,1.0,3.0,1.0,255.41176470588235,1.0,173.52941176470588,1.0,26.647058823529413,0.9411764705882353,0.058823529411764705,0.0,1.0,1.0,candidate_project_level_proxy_not_registry_derived,C:\Users\陈楚玲\Desktop\ppp论文数据\codex项目\ppp论文数据\02_第9部分_最终可用内容\（补充）项目级建模底表\PPP_project_level_risk_model_data_v3_无泄漏严格版_标签统一_20260413_0912.csv
北京市,2018,5,1.0,3.0,1.0,136.2,1.0,125.6,1.0,10.4,1.0,0.0,0.0,1.0,1.0,candidate_project_level_proxy_not_registry_derived,C:\Users\陈楚玲\Desktop\ppp论文数据\codex项目\ppp论文数据\02_第9部分_最终可用内容\（补充）项目级建模底表\PPP_project_level_risk_model_data_v3_无泄漏严格版_标签统一_20260413_0912.csv
北京市,2019,3,1.0,3.0,1.0,316.0,1.0,308.0,1.0,3.3333333333333335,0.0,1.0,0.0,1.0,1.0,candidate_project_level_proxy_not_registry_derived,C:\Users\陈楚玲\Desktop\ppp论文数据\codex项目\ppp论文数据\02_第9部分_最终可用内容\（补充）项目级建模底表\PPP_project_level_risk_model_data_v3_无泄漏严格版_标签统一_20260413_0912.csv
北京市,2020,4,1.0,3.0,1.0,215.0,1.0,205.25,1.0,3.0,1.0,0.0,0.0,1.0,1.0,candidate_project_level_proxy_not_registry_derived,C:\Users\陈楚玲\Desktop\ppp论文数据\codex项目\ppp论文数据\02_第9部分_最终可用内容\（补充）项目级建模底表\PPP_project_level_risk_model_data_v3_无泄漏严格版_标签统一_20260413_0912.csv
北京市,2021,2,1.0,3.0,1.0,104.5,1.0,109.5,1.0,163.0,0.0,1.0,0.0,1.0,1.0,candidate_project_level_proxy_not_registry_derived,C:\Users\陈楚玲\Desktop\ppp论文数据\codex项目\ppp论文数据\02_第9部分_最终可用内容\（补充）项目级建模底表\PPP_project_level_risk_model_data_v3_无泄漏严格版_标签统一_20260413_0912.csv
北京市,2022,2,1.0,3.0,1.0,212.5,1.0,91.0,1.0,105.5,0.0,1.0,0.0,1.0,1.0,candidate_project_level_proxy_not_registry_derived,C:\Users\陈楚玲\Desktop\ppp论文数据\codex项目\ppp论文数据\02_第9部分_最终可用内容\（补充）项目级建模底表\PPP_project_level_risk_model_data_v3_无泄漏严格版_标签统一_20260413_0912.csv
吉林省,2014,3,1.0,3.0,1.0,202.0,1.0,193.0,1.0,113.66666666666667,1.0,0.0,0.0,1.0,1.0,candidate_project_level_proxy_not_registry_derived,C:\Users\陈楚玲\Desktop\ppp论文数据\codex项目\ppp论文数据\02_第9部分_最终可用内容\（补充）项目级建模底表\PPP_project_level_risk_model_data_v3_无泄漏严格版_标签统一_20260413_0912.csv
吉林省,2015,28,1.0,3.0,1.0,257.9642857142857,1.0,153.14285714285714,1.0,28.785714285714285,1.0,0.0,0.0,1.0,1.0,candidate_project_level_proxy_not_registry_derived,C:\Users\陈楚玲\Desktop\ppp论文数据\codex项目\ppp论文数据\02_第9部分_最终可用内容\（补充）项目级建模底表\PPP_project_level_risk_model_data_v3_无泄漏严格版_标签统一_20260413_0912.csv
吉林省,2016,32,1.0,3.0,1.0,242.4375,1.0,238.28125,1.0,76.59375,0.90625,0.09375,0.0,1.0,1.0,candidate_project_level_proxy_not_registry_derived,C:\Users\陈楚玲\Desktop\ppp论文数据\codex项目\ppp论文数据\02_第9部分_最终可用内容\（补充）项目级建模底表\PPP_project_level_risk_model_data_v3_无泄漏严格版_标签统一_20260413_0912.csv
吉林省,2017,50,0.9933333333333333,2.98,1.0,233.88,1.0,205.58,0.98,73.12,0.92,0.08,0.0,1.0,1.0,candidate_project_level_proxy_not_registry_derived,C:\Users\陈楚玲\Desktop\ppp论文数据\codex项目\ppp论文数据\02_第9部分_最终可用内容\（补充）项目级建模底表\PPP_project_level_risk_model_data_v3_无泄漏严格版_标签统一_20260413_0912.csv
吉林省,2018,19,1.0,3.0,1.0,275.42105263157896,1.0,203.78947368421052,1.0,66.26315789473684,0.8421052631578947,0.15789473684210525,0.0,1.0,1.0,candidate_project_level_proxy_not_registry_derived,C:\Users\陈楚玲\Desktop\ppp论文数据\codex项目\ppp论文数据\02_第9部分_最终可用内容\（补充）项目级建模底表\PPP_project_level_risk_model_data_v3_无泄漏严格版_标签统一_20260413_0912.csv
吉林省,2019,8,1.0,3.0,1.0,304.375,1.0,199.875,1.0,19.25,0.875,0.125,0.0,1.0,1.0,candidate_project_level_proxy_not_registry_derived,C:\Users\陈楚玲\Desktop\ppp论文数据\codex项目\ppp论文数据\02_第9部分_最终可用内容\（补充）项目级建模底表\PPP_project_level_risk_model_data_v3_无泄漏严格版_标签统一_20260413_0912.csv
吉林省,2020,3,1.0,3.0,1.0,292.6666666666667,1.0,332.3333333333333,1.0,11.333333333333334,0.6666666666666666,0.0,0.3333333333333333,1.0,1.0,candidate_project_level_proxy_not_registry_derived,C:\Users\陈楚玲\Desktop\ppp论文数据\codex项目\ppp论文数据\02_第9部分_最终可用内容\（补充）项目级建模底表\PPP_project_level_risk_model_data_v3_无泄漏严格版_标签统一_20260413_0912.csv
吉林省,2021,2,1.0,3.0,1.0,456.5,1.0,149.5,1.0,13.5,0.0,1.0,0.0,1.0,1.0,candidate_project_level_proxy_not_registry_derived,C:\Users\陈楚玲\Desktop\ppp论文数据\codex项目\ppp论文数据\02_第9部分_最终可用内容\（补充）项目级建模底表\PPP_project_level_risk_model_data_v3_无泄漏严格版_标签统一_20260413_0912.csv
吉林省,2022,3,1.0,3.0,1.0,225.33333333333334,1.0,75.33333333333333,1.0,11.0,0.0,1.0,0.0,1.0,1.0,candidate_project_level_proxy_not_registry_derived,C:\Users\陈楚玲\Desktop\ppp论文数据\codex项目\ppp论文数据\02_第9部分_最终可用内容\（补充）项目级建模底表\PPP_project_level_risk_model_data_v3_无泄漏严格版_标签统一_20260413_0912.csv
四川省,2012,1,1.0,3.0,1.0,264.0,1.0,152.0,1.0,3.0,1.0,0.0,0.0,1.0,1.0,candidate_project_level_proxy_not_registry_derived,C:\Users\陈楚玲\Desktop\ppp论文数据\codex项目\ppp论文数据\02_第9部分_最终可用内容\（补充）项目级建模底表\PPP_project_level_risk_model_data_v3_无泄漏严格版_标签统一_20260413_0912.csv
四川省,2013,3,0.8888888888888888,2.6666666666666665,1.0,291.3333333333333,0.6666666666666666,150.33333333333334,1.0,12.0,1.0,0.0,0.0,1.0,1.0,candidate_project_level_proxy_not_registry_derived,C:\Users\陈楚玲\Desktop\ppp论文数据\codex项目\ppp论文数据\02_第9部分_最终可用内容\（补充）项目级建模底表\PPP_project_level_risk_model_data_v3_无泄漏严格版_标签统一_20260413_0912.csv
四川省,2014,19,0.9649122807017543,2.8947368421052633,1.0,235.26315789473685,0.9473684210526315,172.6315789473684,0.9473684210526315,48.10526315789474,0.8947368421052632,0.05263157894736842,0.05263157894736842,0.9473684210526315,0.9473684210526315,candidate_project_level_proxy_not_registry_derived,C:\Users\陈楚玲\Desktop\ppp论文数据\codex项目\ppp论文数据\02_第9部分_最终可用内容\（补充）项目级建模底表\PPP_project_level_risk_model_data_v3_无泄漏严格版_标签统一_20260413_0912.csv
四川省,2015,128,1.0,3.0,1.0,253.9296875,1.0,178.8515625,1.0,49.953125,0.953125,0.0390625,0.0078125,1.0,1.0,candidate_project_level_proxy_not_registry_derived,C:\Users\陈楚玲\Desktop\ppp论文数据\codex项目\ppp论文数据\02_第9部分_最终可用内容\（补充）项目级建模底表\PPP_project_level_risk_model_data_v3_无泄漏严格版_标签统一_20260413_0912.csv
四川省,2016,165,0.9939393939393939,2.981818181818182,1.0,270.23636363636365,0.9939393939393939,170.03030303030303,0.9878787878787879,57.266666666666666,0.896969696969697,0.09696969696969697,0.006060606060606061,0.9878787878787879,0.9878787878787879,candidate_project_level_proxy_not_registry_derived,C:\Users\陈楚玲\Desktop\ppp论文数据\codex项目\ppp论文数据\02_第9部分_最终可用内容\（补充）项目级建模底表\PPP_project_level_risk_model_data_v3_无泄漏严格版_标签统一_20260413_0912.csv
四川省,2017,119,0.988795518207283,2.966386554621849,1.0,276.7563025210084,1.0,175.2016806722689,0.9663865546218487,49.23529411764706,0.8991596638655462,0.08403361344537816,0.01680672268907563,1.0,1.0,candidate_project_level_proxy_not_registry_derived,C:\Users\陈楚玲\Desktop\ppp论文数据\codex项目\ppp论文数据\02_第9部分_最终可用内容\（补充）项目级建模底表\PPP_project_level_risk_model_data_v3_无泄漏严格版_标签统一_20260413_0912.csv
四川省,2018,43,1.0,3.0,1.0,290.6046511627907,1.0,194.1860465116279,1.0,62.395348837209305,0.6744186046511628,0.32558139534883723,0.0,1.0,1.0,candidate_project_level_proxy_not_registry_derived,C:\Users\陈楚玲\Desktop\ppp论文数据\codex项目\ppp论文数据\02_第9部分_最终可用内容\（补充）项目级建模底表\PPP_project_level_risk_model_data_v3_无泄漏严格版_标签统一_20260413_0912.csv
四川省,2019,12,1.0,3.0,1.0,167.08333333333334,1.0,112.5,1.0,48.75,0.5833333333333334,0.4166666666666667,0.0,1.0,1.0,candidate_project_level_proxy_not_registry_derived,C:\Users\陈楚玲\Desktop\ppp论文数据\codex项目\ppp论文数据\02_第9部分_最终可用内容\（补充）项目级建模底表\PPP_project_level_risk_model_data_v3_无泄漏严格版_标签统一_20260413_0912.csv
四川省,2020,9,1.0,3.0,1.0,289.44444444444446,1.0,125.88888888888889,1.0,23.11111111111111,0.3333333333333333,0.6666666666666666,0.0,1.0,1.0,candidate_project_level_proxy_not_registry_derived,C:\Users\陈楚玲\Desktop\ppp论文数据\codex项目\ppp论文数据\02_第9部分_最终可用内容\（补充）项目级建模底表\PPP_project_level_risk_model_data_v3_无泄漏严格版_标签统一_20260413_0912.csv
四川省,2021,10,1.0,3.0,1.0,199.4,1.0,132.9,1.0,29.2,0.3,0.7,0.0,1.0,1.0,candidate_project_level_proxy_not_registry_derived,C:\Users\陈楚玲\Desktop\ppp论文数据\codex项目\ppp论文数据\02_第9部分_最终可用内容\（补充）项目级建模底表\PPP_project_level_risk_model_data_v3_无泄漏严格版_标签统一_20260413_0912.csv
四川省,2022,3,1.0,3.0,1.0,277.6666666666667,1.0,163.0,1.0,6.333333333333333,0.0,1.0,0.0,1.0,1.0,candidate_project_level_proxy_not_registry_derived,C:\Users\陈楚玲\Desktop\ppp论文数据\codex项目\ppp论文数据\02_第9部分_最终可用内容\（补充）项目级建模底表\PPP_project_level_risk_model_data_v3_无泄漏严格版_标签统一_20260413_0912.csv
天津市,2015,4,1.0,3.0,1.0,273.5,1.0,125.75,1.0,10.25,1.0,0.0,0.0,1.0,1.0,candidate_project_level_proxy_not_registry_derived,C:\Users\陈楚玲\Desktop\ppp论文数据\codex项目\ppp论文数据\02_第9部分_最终可用内容\（补充）项目级建模底表\PPP_project_level_risk_model_data_v3_无泄漏严格版_标签统一_20260413_0912.csv
天津市,2016,3,1.0,3.0,1.0,357.6666666666667,1.0,215.0,1.0,159.0,1.0,0.0,0.0,1.0,1.0,candidate_project_level_proxy_not_registry_derived,C:\Users\陈楚玲\Desktop\ppp论文数据\codex项目\ppp论文数据\02_第9部分_最终可用内容\（补充）项目级建模底表\PPP_project_level_risk_model_data_v3_无泄漏严格版_标签统一_20260413_0912.csv
天津市,2017,25,1.0,3.0,1.0,282.0,1.0,194.6,1.0,60.92,0.96,0.04,0.0,1.0,1.0,candidate_project_level_proxy_not_registry_derived,C:\Users\陈楚玲\Desktop\ppp论文数据\codex项目\ppp论文数据\02_第9部分_最终可用内容\（补充）项目级建模底表\PPP_project_level_risk_model_data_v3_无泄漏严格版_标签统一_20260413_0912.csv
天津市,2018,8,1.0,3.0,1.0,357.25,1.0,157.0,1.0,63.375,1.0,0.0,0.0,1.0,1.0,candidate_project_level_proxy_not_registry_derived,C:\Users\陈楚玲\Desktop\ppp论文数据\codex项目\ppp论文数据\02_第9部分_最终可用内容\（补充）项目级建模底表\PPP_project_level_risk_model_data_v3_无泄漏严格版_标签统一_20260413_0912.csv
天津市,2019,14,1.0,3.0,1.0,283.92857142857144,1.0,158.64285714285714,1.0,62.5,1.0,0.0,0.0,1.0,1.0,candidate_project_level_proxy_not_registry_derived,C:\Users\陈楚玲\Desktop\ppp论文数据\codex项目\ppp论文数据\02_第9部分_最终可用内容\（补充）项目级建模底表\PPP_project_level_risk_model_data_v3_无泄漏严格版_标签统一_20260413_0912.csv
天津市,2020,15,1.0,3.0,1.0,259.8666666666667,1.0,222.0,1.0,68.2,1.0,0.0,0.0,1.0,1.0,candidate_project_level_proxy_not_registry_derived,C:\Users\陈楚玲\Desktop\ppp论文数据\codex项目\ppp论文数据\02_第9部分_最终可用内容\（补充）项目级建模底表\PPP_project_level_risk_model_data_v3_无泄漏严格版_标签统一_20260413_0912.csv
天津市,2021,1,1.0,3.0,1.0,108.0,1.0,287.0,1.0,2.0,1.0,0.0,0.0,1.0,1.0,candidate_project_level_proxy_not_registry_derived,C:\Users\陈楚玲\Desktop\ppp论文数据\codex项目\ppp论文数据\02_第9部分_最终可用内容\（补充）项目级建模底表\PPP_project_level_risk_model_data_v3_无泄漏严格版_标签统一_20260413_0912.csv
宁夏回族自治区,2013,1,0.6666666666666666,2.0,1.0,312.0,1.0,222.0,0.0,0.0,0.0,1.0,0.0,1.0,1.0,candidate_project_level_proxy_not_registry_derived,C:\Users\陈楚玲\Desktop\ppp论文数据\codex项目\ppp论文数据\02_第9部分_最终可用内容\（补充）项目级建模底表\PPP_project_level_risk_model_data_v3_无泄漏严格版_标签统一_20260413_0912.csv
宁夏回族自治区,2015,6,1.0,3.0,1.0,241.66666666666666,1.0,245.16666666666666,1.0,39.0,1.0,0.0,0.0,1.0,1.0,candidate_project_level_proxy_not_registry_derived,C:\Users\陈楚玲\Desktop\ppp论文数据\codex项目\ppp论文数据\02_第9部分_最终可用内容\（补充）项目级建模底表\PPP_project_level_risk_model_data_v3_无泄漏严格版_标签统一_20260413_0912.csv
宁夏回族自治区,2016,25,0.96,2.88,1.0,187.6,0.92,118.48,0.96,42.6,0.96,0.04,0.0,1.0,1.0,candidate_project_level_proxy_not_registry_derived,C:\Users\陈楚玲\Desktop\ppp论文数据\codex项目\ppp论文数据\02_第9部分_最终可用内容\（补充）项目级建模底表\PPP_project_level_risk_model_data_v3_无泄漏严格版_标签统一_20260413_0912.csv
宁夏回族自治区,2017,5,1.0,3.0,1.0,240.2,1.0,223.6,1.0,162.8,0.6,0.4,0.0,1.0,1.0,candidate_project_level_proxy_not_registry_derived,C:\Users\陈楚玲\Desktop\ppp论文数据\codex项目\ppp论文数据\02_第9部分_最终可用内容\（补充）项目级建模底表\PPP_project_level_risk_model_data_v3_无泄漏严格版_标签统一_20260413_0912.csv
宁夏回族自治区,2018,1,1.0,3.0,1.0,260.0,1.0,148.0,1.0,233.0,1.0,0.0,0.0,1.0,1.0,candidate_project_level_proxy_not_registry_derived,C:\Users\陈楚玲\Desktop\ppp论文数据\codex项目\ppp论文数据\02_第9部分_最终可用内容\（补充）项目级建模底表\PPP_project_level_risk_model_data_v3_无泄漏严格版_标签统一_20260413_0912.csv
宁夏回族自治区,2020,3,1.0,3.0,1.0,167.33333333333334,1.0,126.66666666666667,1.0,27.666666666666668,0.6666666666666666,0.3333333333333333,0.0,1.0,1.0,candidate_project_level_proxy_not_registry_derived,C:\Users\陈楚玲\Desktop\ppp论文数据\codex项目\ppp论文数据\02_第9部分_最终可用内容\（补充）项目级建模底表\PPP_project_level_risk_model_data_v3_无泄漏严格版_标签统一_20260413_0912.csv
宁夏回族自治区,2021,2,1.0,3.0,1.0,462.0,1.0,183.5,1.0,9.0,0.5,0.5,0.0,1.0,1.0,candidate_project_level_proxy_not_registry_derived,C:\Users\陈楚玲\Desktop\ppp论文数据\codex项目\ppp论文数据\02_第9部分_最终可用内容\（补充）项目级建模底表\PPP_project_level_risk_model_data_v3_无泄漏严格版_标签统一_20260413_0912.csv
宁夏回族自治区,2022,1,1.0,3.0,1.0,124.0,1.0,165.0,1.0,2.0,0.0,1.0,0.0,1.0,1.0,candidate_project_level_proxy_not_registry_derived,C:\Users\陈楚玲\Desktop\ppp论文数据\codex项目\ppp论文数据\02_第9部分_最终可用内容\（补充）项目级建模底表\PPP_project_level_risk_model_data_v3_无泄漏严格版_标签统一_20260413_0912.csv
安徽省,2012,1,1.0,3.0,1.0,145.0,1.0,69.0,1.0,174.0,1.0,0.0,0.0,1.0,1.0,candidate_project_level_proxy_not_registry_derived,C:\Users\陈楚玲\Desktop\ppp论文数据\codex项目\ppp论文数据\02_第9部分_最终可用内容\（补充）项目级建模底表\PPP_project_level_risk_model_data_v3_无泄漏严格版_标签统一_20260413_0912.csv
安徽省,2013,4,0.9166666666666666,2.75,1.0,140.0,0.75,87.0,1.0,118.0,1.0,0.0,0.0,1.0,1.0,candidate_project_level_proxy_not_registry_derived,C:\Users\陈楚玲\Desktop\ppp论文数据\codex项目\ppp论文数据\02_第9部分_最终可用内容\（补充）项目级建模底表\PPP_project_level_risk_model_data_v3_无泄漏严格版_标签统一_20260413_0912.csv
安徽省,2014,9,1.0,3.0,1.0,286.44444444444446,1.0,152.33333333333334,1.0,60.333333333333336,1.0,0.0,0.0,1.0,1.0,candidate_project_level_proxy_not_registry_derived,C:\Users\陈楚玲\Desktop\ppp论文数据\codex项目\ppp论文数据\02_第9部分_最终可用内容\（补充）项目级建模底表\PPP_project_level_risk_model_data_v3_无泄漏严格版_标签统一_20260413_0912.csv
安徽省,2015,64,0.9947916666666666,2.984375,1.0,282.046875,0.984375,158.546875,1.0,82.53125,1.0,0.0,0.0,1.0,1.0,candidate_project_level_proxy_not_registry_derived,C:\Users\陈楚玲\Desktop\ppp论文数据\codex项目\ppp论文数据\02_第9部分_最终可用内容\（补充）项目级建模底表\PPP_project_level_risk_model_data_v3_无泄漏严格版_标签统一_20260413_0912.csv
安徽省,2016,128,1.0,3.0,1.0,292.4375,1.0,191.5859375,1.0,70.3125,1.0,0.0,0.0,1.0,1.0,candidate_project_level_proxy_not_registry_derived,C:\Users\陈楚玲\Desktop\ppp论文数据\codex项目\ppp论文数据\02_第9部分_最终可用内容\（补充）项目级建模底表\PPP_project_level_risk_model_data_v3_无泄漏严格版_标签统一_20260413_0912.csv
安徽省,2017,149,0.9977628635346756,2.9932885906040267,1.0,290.0402684563758,1.0,202.90604026845637,0.9932885906040269,56.61073825503356,0.9865771812080537,0.006711409395973154,0.006711409395973154,1.0,1.0,candidate_project_level_proxy_not_registry_derived,C:\Users\陈楚玲\Desktop\ppp论文数据\codex项目\ppp论文数据\02_第9部分_最终可用内容\（补充）项目级建模底表\PPP_project_level_risk_model_data_v3_无泄漏严格版_标签统一_20260413_0912.csv
安徽省,2018,59,0.9943502824858756,2.983050847457627,1.0,284.66101694915255,1.0,201.40677966101694,0.9830508474576272,49.94915254237288,0.8813559322033898,0.0847457627118644,0.03389830508474576,1.0,1.0,candidate_project_level_proxy_not_registry_derived,C:\Users\陈楚玲\Desktop\ppp论文数据\codex项目\ppp论文数据\02_第9部分_最终可用内容\（补充）项目级建模底表\PPP_project_level_risk_model_data_v3_无泄漏严格版_标签统一_20260413_0912.csv
安徽省,2019,25,1.0,3.0,1.0,279.04,1.0,244.2,1.0,80.52,1.0,0.0,0.0,1.0,1.0,candidate_project_level_proxy_not_registry_derived,C:\Users\陈楚玲\Desktop\ppp论文数据\codex项目\ppp论文数据\02_第9部分_最终可用内容\（补充）项目级建模底表\PPP_project_level_risk_model_data_v3_无泄漏严格版_标签统一_20260413_0912.csv
安徽省,2020,12,1.0,3.0,1.0,280.4166666666667,1.0,288.6666666666667,1.0,65.5,0.75,0.25,0.0,1.0,1.0,candidate_project_level_proxy_not_registry_derived,C:\Users\陈楚玲\Desktop\ppp论文数据\codex项目\ppp论文数据\02_第9部分_最终可用内容\（补充）项目级建模底表\PPP_project_level_risk_model_data_v3_无泄漏严格版_标签统一_20260413_0912.csv
安徽省,2021,14,1.0,3.0,1.0,271.7857142857143,1.0,271.14285714285717,1.0,25.0,0.7142857142857143,0.2857142857142857,0.0,1.0,1.0,candidate_project_level_proxy_not_registry_derived,C:\Users\陈楚玲\Desktop\ppp论文数据\codex项目\ppp论文数据\02_第9部分_最终可用内容\（补充）项目级建模底表\PPP_project_level_risk_model_data_v3_无泄漏严格版_标签统一_20260413_0912.csv
安徽省,2022,12,1.0,3.0,1.0,235.91666666666666,1.0,252.83333333333334,1.0,32.25,0.0,1.0,0.0,1.0,1.0,candidate_project_level_proxy_not_registry_derived,C:\Users\陈楚玲\Desktop\ppp论文数据\codex项目\ppp论文数据\02_第9部分_最终可用内容\（补充）项目级建模底表\PPP_project_level_risk_model_data_v3_无泄漏严格版_标签统一_20260413_0912.csv
山东省,2012,1,1.0,3.0,1.0,165.0,1.0,83.0,1.0,141.0,1.0,0.0,0.0,1.0,1.0,candidate_project_level_proxy_not_registry_derived,C:\Users\陈楚玲\Desktop\ppp论文数据\codex项目\ppp论文数据\02_第9部分_最终可用内容\（补充）项目级建模底表\PPP_project_level_risk_model_data_v3_无泄漏严格版_标签统一_20260413_0912.csv
山东省,2014,10,1.0,3.0,1.0,316.6,1.0,227.5,1.0,46.2,0.9,0.1,0.0,1.0,1.0,candidate_project_level_proxy_not_registry_derived,C:\Users\陈楚玲\Desktop\ppp论文数据\codex项目\ppp论文数据\02_第9部分_最终可用内容\（补充）项目级建模底表\PPP_project_level_risk_model_data_v3_无泄漏严格版_标签统一_20260413_0912.csv
山东省,2015,94,1.0,3.0,1.0,264.6170212765957,1.0,182.2127659574468,1.0,81.29787234042553,0.9680851063829787,0.031914893617021274,0.0,1.0,1.0,candidate_project_level_proxy_not_registry_derived,C:\Users\陈楚玲\Desktop\ppp论文数据\codex项目\ppp论文数据\02_第9部分_最终可用内容\（补充）项目级建模底表\PPP_project_level_risk_model_data_v3_无泄漏严格版_标签统一_20260413_0912.csv
山东省,2016,123,0.989159891598916,2.967479674796748,1.0,272.2926829268293,0.991869918699187,221.0,0.975609756097561,92.91056910569105,0.983739837398374,0.016260162601626018,0.0,1.0,1.0,candidate_project_level_proxy_not_registry_derived,C:\Users\陈楚玲\Desktop\ppp论文数据\codex项目\ppp论文数据\02_第9部分_最终可用内容\（补充）项目级建模底表\PPP_project_level_risk_model_data_v3_无泄漏严格版_标签统一_20260413_0912.csv
山东省,2017,241,1.0,3.0,1.0,309.99585062240664,1.0,227.448132780083,1.0,122.0,0.9377593360995851,0.058091286307053944,0.004149377593360996,1.0,1.0,candidate_project_level_proxy_not_registry_derived,C:\Users\陈楚玲\Desktop\ppp论文数据\codex项目\ppp论文数据\02_第9部分_最终可用内容\（补充）项目级建模底表\PPP_project_level_risk_model_data_v3_无泄漏严格版_标签统一_20260413_0912.csv
山东省,2018,87,0.996168582375479,2.9885057471264367,1.0,300.67816091954023,1.0,263.37931034482756,0.9885057471264368,99.10344827586206,0.8275862068965517,0.12643678160919541,0.04597701149425287,1.0,1.0,candidate_project_level_proxy_not_registry_derived,C:\Users\陈楚玲\Desktop\ppp论文数据\codex项目\ppp论文数据\02_第9部分_最终可用内容\（补充）项目级建模底表\PPP_project_level_risk_model_data_v3_无泄漏严格版_标签统一_20260413_0912.csv
山东省,2019,53,1.0,3.0,1.0,304.2641509433962,1.0,253.62264150943398,1.0,148.0754716981132,0.7547169811320755,0.18867924528301888,0.05660377358490566,1.0,1.0,candidate_project_level_proxy_not_registry_derived,C:\Users\陈楚玲\Desktop\ppp论文数据\codex项目\ppp论文数据\02_第9部分_最终可用内容\（补充）项目级建模底表\PPP_project_level_risk_model_data_v3_无泄漏严格版_标签统一_20260413_0912.csv
山东省,2020,32,1.0,3.0,1.0,244.84375,1.0,229.34375,1.0,92.34375,0.875,0.125,0.0,1.0,1.0,candidate_project_level_proxy_not_registry_derived,C:\Users\陈楚玲\Desktop\ppp论文数据\codex项目\ppp论文数据\02_第9部分_最终可用内容\（补充）项目级建模底表\PPP_project_level_risk_model_data_v3_无泄漏严格版_标签统一_20260413_0912.csv
山东省,2021,44,1.0,3.0,1.0,247.5,1.0,170.9318181818182,1.0,57.34090909090909,0.4772727272727273,0.5227272727272727,0.0,1.0,1.0,candidate_project_level_proxy_not_registry_derived,C:\Users\陈楚玲\Desktop\ppp论文数据\codex项目\ppp论文数据\02_第9部分_最终可用内容\（补充）项目级建模底表\PPP_project_level_risk_model_data_v3_无泄漏严格版_标签统一_20260413_0912.csv
山东省,2022,35,1.0,3.0,1.0,296.85714285714283,1.0,244.74285714285713,1.0,71.25714285714285,0.02857142857142857,0.9714285714285714,0.0,1.0,1.0,candidate_project_level_proxy_not_registry_derived,C:\Users\陈楚玲\Desktop\ppp论文数据\codex项目\ppp论文数据\02_第9部分_最终可用内容\（补充）项目级建模底表\PPP_project_level_risk_model_data_v3_无泄漏严格版_标签统一_20260413_0912.csv
山西省,2013,1,1.0,3.0,1.0,409.0,1.0,192.0,1.0,94.0,1.0,0.0,0.0,1.0,1.0,candidate_project_level_proxy_not_registry_derived,C:\Users\陈楚玲\Desktop\ppp论文数据\codex项目\ppp论文数据\02_第9部分_最终可用内容\（补充）项目级建模底表\PPP_project_level_risk_model_data_v3_无泄漏严格版_标签统一_20260413_0912.csv
山西省,2014,6,0.9444444444444443,2.8333333333333335,1.0,235.0,0.8333333333333334,137.16666666666666,1.0,44.0,0.8333333333333334,0.16666666666666666,0.0,1.0,1.0,candidate_project_level_proxy_not_registry_derived,C:\Users\陈楚玲\Desktop\ppp论文数据\codex项目\ppp论文数据\02_第9部分_最终可用内容\（补充）项目级建模底表\PPP_project_level_risk_model_data_v3_无泄漏严格版_标签统一_20260413_0912.csv
山西省,2015,25,0.9866666666666667,2.96,1.0,310.52,0.96,189.6,1.0,87.44,1.0,0.0,0.0,1.0,1.0,candidate_project_level_proxy_not_registry_derived,C:\Users\陈楚玲\Desktop\ppp论文数据\codex项目\ppp论文数据\02_第9部分_最终可用内容\（补充）项目级建模底表\PPP_project_level_risk_model_data_v3_无泄漏严格版_标签统一_20260413_0912.csv
山西省,2016,52,0.9551282051282051,2.8653846153846154,1.0,297.75,0.9807692307692307,158.8846153846154,0.8846153846153846,78.5,0.7692307692307693,0.19230769230769232,0.038461538461538464,0.9807692307692307,0.9807692307692307,candidate_project_level_proxy_not_registry_derived,C:\Users\陈楚玲\Desktop\ppp论文数据\codex项目\ppp论文数据\02_第9部分_最终可用内容\（补充）项目级建模底表\PPP_project_level_risk_model_data_v3_无泄漏严格版_标签统一_20260413_0912.csv
山西省,2017,163,0.9754601226993865,2.9263803680981595,1.0,289.84662576687117,1.0,176.0,0.9263803680981595,57.87116564417178,0.8282208588957055,0.12269938650306748,0.049079754601226995,1.0,1.0,candidate_project_level_proxy_not_registry_derived,C:\Users\陈楚玲\Desktop\ppp论文数据\codex项目\ppp论文数据\02_第9部分_最终可用内容\（补充）项目级建模底表\PPP_project_level_risk_model_data_v3_无泄漏严格版_标签统一_20260413_0912.csv
山西省,2018,86,1.0,3.0,1.0,263.77906976744185,1.0,231.27906976744185,1.0,74.75581395348837,0.7674418604651163,0.1511627906976744,0.08139534883720931,1.0,1.0,candidate_project_level_proxy_not_registry_derived,C:\Users\陈楚玲\Desktop\ppp论文数据\codex项目\ppp论文数据\02_第9部分_最终可用内容\（补充）项目级建模底表\PPP_project_level_risk_model_data_v3_无泄漏严格版_标签统一_20260413_0912.csv
山西省,2019,41,0.991869918699187,2.975609756097561,1.0,287.4146341463415,1.0,195.70731707317074,0.975609756097561,43.31707317073171,0.7073170731707317,0.24390243902439024,0.04878048780487805,1.0,1.0,candidate_project_level_proxy_not_registry_derived,C:\Users\陈楚玲\Desktop\ppp论文数据\codex项目\ppp论文数据\02_第9部分_最终可用内容\（补充）项目级建模底表\PPP_project_level_risk_model_data_v3_无泄漏严格版_标签统一_20260413_0912.csv
山西省,2020,35,1.0,3.0,1.0,225.0,1.0,160.85714285714286,1.0,41.02857142857143,0.6857142857142857,0.3142857142857143,0.0,1.0,1.0,candidate_project_level_proxy_not_registry_derived,C:\Users\陈楚玲\Desktop\ppp论文数据\codex项目\ppp论文数据\02_第9部分_最终可用内容\（补充）项目级建模底表\PPP_project_level_risk_model_data_v3_无泄漏严格版_标签统一_20260413_0912.csv
山西省,2021,29,1.0,3.0,1.0,258.51724137931035,1.0,177.31034482758622,1.0,27.82758620689655,0.41379310344827586,0.5862068965517241,0.0,1.0,1.0,candidate_project_level_proxy_not_registry_derived,C:\Users\陈楚玲\Desktop\ppp论文数据\codex项目\ppp论文数据\02_第9部分_最终可用内容\（补充）项目级建模底表\PPP_project_level_risk_model_data_v3_无泄漏严格版_标签统一_20260413_0912.csv
山西省,2022,26,1.0,3.0,1.0,244.3846153846154,1.0,298.2307692307692,1.0,36.15384615384615,0.0,1.0,0.0,1.0,1.0,candidate_project_level_proxy_not_registry_derived,C:\Users\陈楚玲\Desktop\ppp论文数据\codex项目\ppp论文数据\02_第9部分_最终可用内容\（补充）项目级建模底表\PPP_project_level_risk_model_data_v3_无泄漏严格版_标签统一_20260413_0912.csv
广东省,2009,2,1.0,3.0,1.0,137.5,1.0,150.0,1.0,57.5,1.0,0.0,0.0,1.0,1.0,candidate_project_level_proxy_not_registry_derived,C:\Users\陈楚玲\Desktop\ppp论文数据\codex项目\ppp论文数据\02_第9部分_最终可用内容\（补充）项目级建模底表\PPP_project_level_risk_model_data_v3_无泄漏严格版_标签统一_20260413_0912.csv
广东省,2013,1,1.0,3.0,1.0,170.0,1.0,37.0,1.0,93.0,1.0,0.0,0.0,1.0,1.0,candidate_project_level_proxy_not_registry_derived,C:\Users\陈楚玲\Desktop\ppp论文数据\codex项目\ppp论文数据\02_第9部分_最终可用内容\（补充）项目级建模底表\PPP_project_level_risk_model_data_v3_无泄漏严格版_标签统一_20260413_0912.csv
广东省,2014,11,0.9393939393939394,2.8181818181818183,1.0,250.27272727272728,0.9090909090909091,117.27272727272727,0.9090909090909091,66.72727272727273,1.0,0.0,0.0,1.0,1.0,candidate_project_level_proxy_not_registry_derived,C:\Users\陈楚玲\Desktop\ppp论文数据\codex项目\ppp论文数据\02_第9部分_最终可用内容\（补充）项目级建模底表\PPP_project_level_risk_model_data_v3_无泄漏严格版_标签统一_20260413_0912.csv
广东省,2015,67,0.9601990049751243,2.8805970149253732,1.0,307.65671641791045,1.0,219.62686567164178,0.8805970149253731,111.91044776119404,0.9552238805970149,0.04477611940298507,0.0,1.0,1.0,candidate_project_level_proxy_not_registry_derived,C:\Users\陈楚玲\Desktop\ppp论文数据\codex项目\ppp论文数据\02_第9部分_最终可用内容\（补充）项目级建模底表\PPP_project_level_risk_model_data_v3_无泄漏严格版_标签统一_20260413_0912.csv
广东省,2016,118,0.9689265536723164,2.906779661016949,1.0,306.47457627118644,1.0,181.77118644067798,0.9067796610169492,64.83050847457628,0.9152542372881356,0.059322033898305086,0.025423728813559324,1.0,1.0,candidate_project_level_proxy_not_registry_derived,C:\Users\陈楚玲\Desktop\ppp论文数据\codex项目\ppp论文数据\02_第9部分_最终可用内容\（补充）项目级建模底表\PPP_project_level_risk_model_data_v3_无泄漏严格版_标签统一_20260413_0912.csv
广东省,2017,185,0.9657657657657657,2.8972972972972975,1.0,317.5405405405405,1.0,207.77297297297298,0.8972972972972973,73.31351351351351,0.9135135135135135,0.05945945945945946,0.02702702702702703,1.0,1.0,candidate_project_level_proxy_not_registry_derived,C:\Users\陈楚玲\Desktop\ppp论文数据\codex项目\ppp论文数据\02_第9部分_最终可用内容\（补充）项目级建模底表\PPP_project_level_risk_model_data_v3_无泄漏严格版_标签统一_20260413_0912.csv
广东省,2018,115,0.9333333333333332,2.8,1.0,289.38260869565215,1.0,251.1304347826087,0.8,74.31304347826087,0.9304347826086956,0.034782608695652174,0.034782608695652174,1.0,1.0,candidate_project_level_proxy_not_registry_derived,C:\Users\陈楚玲\Desktop\ppp论文数据\codex项目\ppp论文数据\02_第9部分_最终可用内容\（补充）项目级建模底表\PPP_project_level_risk_model_data_v3_无泄漏严格版_标签统一_20260413_0912.csv
广东省,2019,34,1.0,3.0,1.0,260.4117647058824,1.0,193.47058823529412,1.0,45.294117647058826,0.8235294117647058,0.17647058823529413,0.0,1.0,1.0,candidate_project_level_proxy_not_registry_derived,C:\Users\陈楚玲\Desktop\ppp论文数据\codex项目\ppp论文数据\02_第9部分_最终可用内容\（补充）项目级建模底表\PPP_project_level_risk_model_data_v3_无泄漏严格版_标签统一_20260413_0912.csv
广东省,2020,24,1.0,3.0,1.0,143.45833333333334,1.0,65.16666666666667,1.0,24.708333333333332,0.75,0.25,0.0,1.0,1.0,candidate_project_level_proxy_not_registry_derived,C:\Users\陈楚玲\Desktop\ppp论文数据\codex项目\ppp论文数据\02_第9部分_最终可用内容\（补充）项目级建模底表\PPP_project_level_risk_model_data_v3_无泄漏严格版_标签统一_20260413_0912.csv
广东省,2021,6,1.0,3.0,1.0,249.5,1.0,135.83333333333334,1.0,18.5,0.8333333333333334,0.16666666666666666,0.0,1.0,1.0,candidate_project_level_proxy_not_registry_derived,C:\Users\陈楚玲\Desktop\ppp论文数据\codex项目\ppp论文数据\02_第9部分_最终可用内容\（补充）项目级建模底表\PPP_project_level_risk_model_data_v3_无泄漏严格版_标签统一_20260413_0912.csv
广东省,2022,1,1.0,3.0,1.0,293.0,1.0,433.0,1.0,2.0,0.0,1.0,0.0,1.0,1.0,candidate_project_level_proxy_not_registry_derived,C:\Users\陈楚玲\Desktop\ppp论文数据\codex项目\ppp论文数据\02_第9部分_最终可用内容\（补充）项目级建模底表\PPP_project_level_risk_model_data_v3_无泄漏严格版_标签统一_20260413_0912.csv
广西壮族自治区,2014,1,1.0,3.0,1.0,160.0,1.0,491.0,1.0,2.0,1.0,0.0,0.0,1.0,1.0,candidate_project_level_proxy_not_registry_derived,C:\Users\陈楚玲\Desktop\ppp论文数据\codex项目\ppp论文数据\02_第9部分_最终可用内容\（补充）项目级建模底表\PPP_project_level_risk_model_data_v3_无泄漏严格版_标签统一_20260413_0912.csv
广西壮族自治区,2015,37,1.0,3.0,1.0,257.5945945945946,1.0,233.8918918918919,1.0,57.75675675675676,0.972972972972973,0.02702702702702703,0.0,1.0,1.0,candidate_project_level_proxy_not_registry_derived,C:\Users\陈楚玲\Desktop\ppp论文数据\codex项目\ppp论文数据\02_第9部分_最终可用内容\（补充）项目级建模底表\PPP_project_level_risk_model_data_v3_无泄漏严格版_标签统一_20260413_0912.csv
广西壮族自治区,2016,43,1.0,3.0,1.0,291.3720930232558,1.0,185.11627906976744,1.0,86.95348837209302,0.8837209302325582,0.11627906976744186,0.0,1.0,1.0,candidate_project_level_proxy_not_registry_derived,C:\Users\陈楚玲\Desktop\ppp论文数据\codex项目\ppp论文数据\02_第9部分_最终可用内容\（补充）项目级建模底表\PPP_project_level_risk_model_data_v3_无泄漏严格版_标签统一_20260413_0912.csv
广西壮族自治区,2017,64,0.9635416666666666,2.890625,1.0,292.5625,1.0,204.0,0.890625,52.46875,0.828125,0.109375,0.0625,0.984375,0.984375,candidate_project_level_proxy_not_registry_derived,C:\Users\陈楚玲\Desktop\ppp论文数据\codex项目\ppp论文数据\02_第9部分_最终可用内容\（补充）项目级建模底表\PPP_project_level_risk_model_data_v3_无泄漏严格版_标签统一_20260413_0912.csv
广西壮族自治区,2018,35,1.0,3.0,1.0,288.2,1.0,193.71428571428572,1.0,84.31428571428572,0.8,0.14285714285714285,0.05714285714285714,1.0,1.0,candidate_project_level_proxy_not_registry_derived,C:\Users\陈楚玲\Desktop\ppp论文数据\codex项目\ppp论文数据\02_第9部分_最终可用内容\（补充）项目级建模底表\PPP_project_level_risk_model_data_v3_无泄漏严格版_标签统一_20260413_0912.csv
广西壮族自治区,2019,25,1.0,3.0,1.0,246.16,1.0,221.24,1.0,66.0,0.68,0.24,0.08,1.0,1.0,candidate_project_level_proxy_not_registry_derived,C:\Users\陈楚玲\Desktop\ppp论文数据\codex项目\ppp论文数据\02_第9部分_最终可用内容\（补充）项目级建模底表\PPP_project_level_risk_model_data_v3_无泄漏严格版_标签统一_20260413_0912.csv
广西壮族自治区,2020,116,1.0,3.0,1.0,239.36206896551724,1.0,198.35344827586206,1.0,29.224137931034484,0.46551724137931033,0.5344827586206896,0.0,1.0,1.0,candidate_project_level_proxy_not_registry_derived,C:\Users\陈楚玲\Desktop\ppp论文数据\codex项目\ppp论文数据\02_第9部分_最终可用内容\（补充）项目级建模底表\PPP_project_level_risk_model_data_v3_无泄漏严格版_标签统一_20260413_0912.csv
广西壮族自治区,2021,61,1.0,3.0,1.0,272.2295081967213,1.0,203.0983606557377,1.0,61.83606557377049,0.21311475409836064,0.7868852459016393,0.0,1.0,1.0,candidate_project_level_proxy_not_registry_derived,C:\Users\陈楚玲\Desktop\ppp论文数据\codex项目\ppp论文数据\02_第9部分_最终可用内容\（补充）项目级建模底表\PPP_project_level_risk_model_data_v3_无泄漏严格版_标签统一_20260413_0912.csv
广西壮族自治区,2022,38,1.0,3.0,1.0,294.2368421052632,1.0,233.21052631578948,1.0,68.15789473684211,0.02631578947368421,0.9736842105263158,0.0,1.0,1.0,candidate_project_level_proxy_not_registry_derived,C:\Users\陈楚玲\Desktop\ppp论文数据\codex项目\ppp论文数据\02_第9部分_最终可用内容\（补充）项目级建模底表\PPP_project_level_risk_model_data_v3_无泄漏严格版_标签统一_20260413_0912.csv
新疆生产建设兵团,2015,2,0.8333333333333333,2.5,1.0,244.0,1.0,272.0,0.5,56.0,1.0,0.0,0.0,1.0,1.0,candidate_project_level_proxy_not_registry_derived,C:\Users\陈楚玲\Desktop\ppp论文数据\codex项目\ppp论文数据\02_第9部分_最终可用内容\（补充）项目级建模底表\PPP_project_level_risk_model_data_v3_无泄漏严格版_标签统一_20260413_0912.csv
新疆生产建设兵团,2016,9,1.0,3.0,1.0,259.1111111111111,1.0,165.0,1.0,79.77777777777777,0.5555555555555556,0.2222222222222222,0.2222222222222222,1.0,1.0,candidate_project_level_proxy_not_registry_derived,C:\Users\陈楚玲\Desktop\ppp论文数据\codex项目\ppp论文数据\02_第9部分_最终可用内容\（补充）项目级建模底表\PPP_project_level_risk_model_data_v3_无泄漏严格版_标签统一_20260413_0912.csv
新疆生产建设兵团,2017,6,1.0,3.0,1.0,221.5,1.0,129.83333333333334,1.0,24.0,0.5,0.5,0.0,1.0,1.0,candidate_project_level_proxy_not_registry_derived,C:\Users\陈楚玲\Desktop\ppp论文数据\codex项目\ppp论文数据\02_第9部分_最终可用内容\（补充）项目级建模底表\PPP_project_level_risk_model_data_v3_无泄漏严格版_标签统一_20260413_0912.csv
新疆生产建设兵团,2020,1,1.0,3.0,1.0,62.0,1.0,66.0,1.0,2.0,1.0,0.0,0.0,1.0,1.0,candidate_project_level_proxy_not_registry_derived,C:\Users\陈楚玲\Desktop\ppp论文数据\codex项目\ppp论文数据\02_第9部分_最终可用内容\（补充）项目级建模底表\PPP_project_level_risk_model_data_v3_无泄漏严格版_标签统一_20260413_0912.csv
新疆维吾尔自治区,2014,1,1.0,3.0,1.0,243.0,1.0,267.0,1.0,311.0,1.0,0.0,0.0,1.0,1.0,candidate_project_level_proxy_not_registry_derived,C:\Users\陈楚玲\Desktop\ppp论文数据\codex项目\ppp论文数据\02_第9部分_最终可用内容\（补充）项目级建模底表\PPP_project_level_risk_model_data_v3_无泄漏严格版_标签统一_20260413_0912.csv
新疆维吾尔自治区,2015,54,1.0,3.0,1.0,253.35185185185185,1.0,200.59259259259258,1.0,79.98148148148148,1.0,0.0,0.0,1.0,1.0,candidate_project_level_proxy_not_registry_derived,C:\Users\陈楚玲\Desktop\ppp论文数据\codex项目\ppp论文数据\02_第9部分_最终可用内容\（补充）项目级建模底表\PPP_project_level_risk_model_data_v3_无泄漏严格版_标签统一_20260413_0912.csv
新疆维吾尔自治区,2016,107,0.9937694704049844,2.9813084112149535,1.0,284.5233644859813,1.0,199.5607476635514,0.9813084112149533,70.30841121495327,0.9813084112149533,0.018691588785046728,0.0,1.0,1.0,candidate_project_level_proxy_not_registry_derived,C:\Users\陈楚玲\Desktop\ppp论文数据\codex项目\ppp论文数据\02_第9部分_最终可用内容\（补充）项目级建模底表\PPP_project_level_risk_model_data_v3_无泄漏严格版_标签统一_20260413_0912.csv
新疆维吾尔自治区,2017,152,1.0,3.0,1.0,250.0,1.0,206.53947368421052,1.0,79.89473684210526,0.9539473684210527,0.039473684210526314,0.006578947368421052,1.0,1.0,candidate_project_level_proxy_not_registry_derived,C:\Users\陈楚玲\Desktop\ppp论文数据\codex项目\ppp论文数据\02_第9部分_最终可用内容\（补充）项目级建模底表\PPP_project_level_risk_model_data_v3_无泄漏严格版_标签统一_20260413_0912.csv
新疆维吾尔自治区,2018,14,1.0,3.0,1.0,260.7142857142857,1.0,226.71428571428572,1.0,73.5,0.8571428571428571,0.07142857142857142,0.07142857142857142,1.0,1.0,candidate_project_level_proxy_not_registry_derived,C:\Users\陈楚玲\Desktop\ppp论文数据\codex项目\ppp论文数据\02_第9部分_最终可用内容\（补充）项目级建模底表\PPP_project_level_risk_model_data_v3_无泄漏严格版_标签统一_20260413_0912.csv
新疆维吾尔自治区,2019,15,1.0,3.0,1.0,301.6,1.0,248.93333333333334,1.0,94.93333333333334,0.9333333333333333,0.0,0.06666666666666667,1.0,1.0,candidate_project_level_proxy_not_registry_derived,C:\Users\陈楚玲\Desktop\ppp论文数据\codex项目\ppp论文数据\02_第9部分_最终可用内容\（补充）项目级建模底表\PPP_project_level_risk_model_data_v3_无泄漏严格版_标签统一_20260413_0912.csv
新疆维吾尔自治区,2020,24,1.0,3.0,1.0,360.375,1.0,311.75,1.0,202.75,0.7083333333333334,0.25,0.041666666666666664,1.0,1.0,candidate_project_level_proxy_not_registry_derived,C:\Users\陈楚玲\Desktop\ppp论文数据\codex项目\ppp论文数据\02_第9部分_最终可用内容\（补充）项目级建模底表\PPP_project_level_risk_model_data_v3_无泄漏严格版_标签统一_20260413_0912.csv
新疆维吾尔自治区,2021,9,1.0,3.0,1.0,363.6666666666667,1.0,205.88888888888889,1.0,170.0,0.4444444444444444,0.5555555555555556,0.0,1.0,1.0,candidate_project_level_proxy_not_registry_derived,C:\Users\陈楚玲\Desktop\ppp论文数据\codex项目\ppp论文数据\02_第9部分_最终可用内容\（补充）项目级建模底表\PPP_project_level_risk_model_data_v3_无泄漏严格版_标签统一_20260413_0912.csv
新疆维吾尔自治区,2022,4,1.0,3.0,1.0,237.75,1.0,221.25,1.0,39.75,0.0,1.0,0.0,1.0,1.0,candidate_project_level_proxy_not_registry_derived,C:\Users\陈楚玲\Desktop\ppp论文数据\codex项目\ppp论文数据\02_第9部分_最终可用内容\（补充）项目级建模底表\PPP_project_level_risk_model_data_v3_无泄漏严格版_标签统一_20260413_0912.csv
江苏省,2012,2,0.8333333333333333,2.5,1.0,334.5,0.5,66.5,1.0,38.5,0.5,0.5,0.0,1.0,1.0,candidate_project_level_proxy_not_registry_derived,C:\Users\陈楚玲\Desktop\ppp论文数据\codex项目\ppp论文数据\02_第9部分_最终可用内容\（补充）项目级建模底表\PPP_project_level_risk_model_data_v3_无泄漏严格版_标签统一_20260413_0912.csv
江苏省,2013,1,1.0,3.0,1.0,162.0,1.0,94.0,1.0,2.0,1.0,0.0,0.0,1.0,1.0,candidate_project_level_proxy_not_registry_derived,C:\Users\陈楚玲\Desktop\ppp论文数据\codex项目\ppp论文数据\02_第9部分_最终可用内容\（补充）项目级建模底表\PPP_project_level_risk_model_data_v3_无泄漏严格版_标签统一_20260413_0912.csv
江苏省,2014,8,1.0,3.0,1.0,266.0,1.0,200.625,1.0,34.0,1.0,0.0,0.0,1.0,1.0,candidate_project_level_proxy_not_registry_derived,C:\Users\陈楚玲\Desktop\ppp论文数据\codex项目\ppp论文数据\02_第9部分_最终可用内容\（补充）项目级建模底表\PPP_project_level_risk_model_data_v3_无泄漏严格版_标签统一_20260413_0912.csv
江苏省,2015,52,0.9807692307692307,2.9423076923076925,1.0,249.71153846153845,1.0,159.65384615384616,0.9423076923076923,45.15384615384615,0.9423076923076923,0.057692307692307696,0.0,1.0,1.0,candidate_project_level_proxy_not_registry_derived,C:\Users\陈楚玲\Desktop\ppp论文数据\codex项目\ppp论文数据\02_第9部分_最终可用内容\（补充）项目级建模底表\PPP_project_level_risk_model_data_v3_无泄漏严格版_标签统一_20260413_0912.csv
江苏省,2016,120,0.975,2.925,1.0,274.14166666666665,1.0,207.66666666666666,0.925,28.583333333333332,0.9166666666666666,0.06666666666666667,0.016666666666666666,0.9916666666666667,0.9916666666666667,candidate_project_level_proxy_not_registry_derived,C:\Users\陈楚玲\Desktop\ppp论文数据\codex项目\ppp论文数据\02_第9部分_最终可用内容\（补充）项目级建模底表\PPP_project_level_risk_model_data_v3_无泄漏严格版_标签统一_20260413_0912.csv
江苏省,2017,107,0.9875389408099688,2.9626168224299065,1.0,226.7663551401869,0.9906542056074766,203.69158878504672,0.9719626168224299,57.691588785046726,0.9158878504672897,0.07476635514018691,0.009345794392523364,0.9906542056074766,0.9906542056074766,candidate_project_level_proxy_not_registry_derived,C:\Users\陈楚玲\Desktop\ppp论文数据\codex项目\ppp论文数据\02_第9部分_最终可用内容\（补充）项目级建模底表\PPP_project_level_risk_model_data_v3_无泄漏严格版_标签统一_20260413_0912.csv
江苏省,2018,41,0.983739837398374,2.951219512195122,1.0,249.82926829268294,1.0,186.0487804878049,0.9512195121951219,49.609756097560975,0.8780487804878049,0.07317073170731707,0.04878048780487805,0.975609756097561,0.975609756097561,candidate_project_level_proxy_not_registry_derived,C:\Users\陈楚玲\Desktop\ppp论文数据\codex项目\ppp论文数据\02_第9部分_最终可用内容\（补充）项目级建模底表\PPP_project_level_risk_model_data_v3_无泄漏严格版_标签统一_20260413_0912.csv
江苏省,2019,20,1.0,3.0,1.0,241.8,1.0,196.45,1.0,30.5,0.65,0.3,0.05,1.0,1.0,candidate_project_level_proxy_not_registry_derived,C:\Users\陈楚玲\Desktop\ppp论文数据\codex项目\ppp论文数据\02_第9部分_最终可用内容\（补充）项目级建模底表\PPP_project_level_risk_model_data_v3_无泄漏严格版_标签统一_20260413_0912.csv
江苏省,2020,9,1.0,3.0,1.0,225.55555555555554,1.0,77.11111111111111,1.0,18.22222222222222,0.5555555555555556,0.4444444444444444,0.0,1.0,1.0,candidate_project_level_proxy_not_registry_derived,C:\Users\陈楚玲\Desktop\ppp论文数据\codex项目\ppp论文数据\02_第9部分_最终可用内容\（补充）项目级建模底表\PPP_project_level_risk_model_data_v3_无泄漏严格版_标签统一_20260413_0912.csv
江苏省,2021,4,1.0,3.0,1.0,183.5,1.0,188.25,1.0,2.0,0.25,0.75,0.0,1.0,1.0,candidate_project_level_proxy_not_registry_derived,C:\Users\陈楚玲\Desktop\ppp论文数据\codex项目\ppp论文数据\02_第9部分_最终可用内容\（补充）项目级建模底表\PPP_project_level_risk_model_data_v3_无泄漏严格版_标签统一_20260413_0912.csv
江苏省,2022,2,1.0,3.0,1.0,381.0,1.0,285.5,1.0,25.0,0.0,1.0,0.0,1.0,1.0,candidate_project_level_proxy_not_registry_derived,C:\Users\陈楚玲\Desktop\ppp论文数据\codex项目\ppp论文数据\02_第9部分_最终可用内容\（补充）项目级建模底表\PPP_project_level_risk_model_data_v3_无泄漏严格版_标签统一_20260413_0912.csv
江西省,2014,1,1.0,3.0,1.0,205.0,1.0,100.0,1.0,123.0,1.0,0.0,0.0,1.0,1.0,candidate_project_level_proxy_not_registry_derived,C:\Users\陈楚玲\Desktop\ppp论文数据\codex项目\ppp论文数据\02_第9部分_最终可用内容\（补充）项目级建模底表\PPP_project_level_risk_model_data_v3_无泄漏严格版_标签统一_20260413_0912.csv
江西省,2015,24,0.9861111111111112,2.9583333333333335,1.0,285.375,1.0,154.79166666666666,0.9583333333333334,42.958333333333336,0.9166666666666666,0.041666666666666664,0.041666666666666664,0.9583333333333334,0.9583333333333334,candidate_project_level_proxy_not_registry_derived,C:\Users\陈楚玲\Desktop\ppp论文数据\codex项目\ppp论文数据\02_第9部分_最终可用内容\（补充）项目级建模底表\PPP_project_level_risk_model_data_v3_无泄漏严格版_标签统一_20260413_0912.csv
江西省,2016,69,0.9903381642512077,2.971014492753623,1.0,256.82608695652175,1.0,204.14492753623188,0.9710144927536232,64.3913043478261,0.9565217391304348,0.043478260869565216,0.0,1.0,1.0,candidate_project_level_proxy_not_registry_derived,C:\Users\陈楚玲\Desktop\ppp论文数据\codex项目\ppp论文数据\02_第9部分_最终可用内容\（补充）项目级建模底表\PPP_project_level_risk_model_data_v3_无泄漏严格版_标签统一_20260413_0912.csv
江西省,2017,135,0.9901234567901234,2.9703703703703703,1.0,234.68148148148148,1.0,182.77777777777777,0.9703703703703703,67.11851851851851,0.9851851851851852,0.014814814814814815,0.0,1.0,1.0,candidate_project_level_proxy_not_registry_derived,C:\Users\陈楚玲\Desktop\ppp论文数据\codex项目\ppp论文数据\02_第9部分_最终可用内容\（补充）项目级建模底表\PPP_project_level_risk_model_data_v3_无泄漏严格版_标签统一_20260413_0912.csv
江西省,2018,69,1.0,3.0,1.0,256.2173913043478,1.0,196.97101449275362,1.0,47.95652173913044,0.9565217391304348,0.043478260869565216,0.0,1.0,1.0,candidate_project_level_proxy_not_registry_derived,C:\Users\陈楚玲\Desktop\ppp论文数据\codex项目\ppp论文数据\02_第9部分_最终可用内容\（补充）项目级建模底表\PPP_project_level_risk_model_data_v3_无泄漏严格版_标签统一_20260413_0912.csv
江西省,2019,49,1.0,3.0,1.0,282.6938775510204,1.0,180.08163265306123,1.0,25.73469387755102,0.9183673469387755,0.02040816326530612,0.061224489795918366,1.0,1.0,candidate_project_level_proxy_not_registry_derived,C:\Users\陈楚玲\Desktop\ppp论文数据\codex项目\ppp论文数据\02_第9部分_最终可用内容\（补充）项目级建模底表\PPP_project_level_risk_model_data_v3_无泄漏严格版_标签统一_20260413_0912.csv
江西省,2020,75,1.0,3.0,1.0,267.7733333333333,1.0,167.36,1.0,24.906666666666666,0.8933333333333333,0.09333333333333334,0.013333333333333334,1.0,1.0,candidate_project_level_proxy_not_registry_derived,C:\Users\陈楚玲\Desktop\ppp论文数据\codex项目\ppp论文数据\02_第9部分_最终可用内容\（补充）项目级建模底表\PPP_project_level_risk_model_data_v3_无泄漏严格版_标签统一_20260413_0912.csv
江西省,2021,74,1.0,3.0,1.0,208.95945945945945,1.0,154.2972972972973,1.0,19.635135135135137,0.918918918918919,0.08108108108108109,0.0,1.0,1.0,candidate_project_level_proxy_not_registry_derived,C:\Users\陈楚玲\Desktop\ppp论文数据\codex项目\ppp论文数据\02_第9部分_最终可用内容\（补充）项目级建模底表\PPP_project_level_risk_model_data_v3_无泄漏严格版_标签统一_20260413_0912.csv
江西省,2022,58,1.0,3.0,1.0,233.93103448275863,1.0,160.70689655172413,1.0,14.5,0.3620689655172414,0.6379310344827587,0.0,1.0,1.0,candidate_project_level_proxy_not_registry_derived,C:\Users\陈楚玲\Desktop\ppp论文数据\codex项目\ppp论文数据\02_第9部分_最终可用内容\（补充）项目级建模底表\PPP_project_level_risk_model_data_v3_无泄漏严格版_标签统一_20260413_0912.csv
河北省,2012,1,1.0,3.0,1.0,230.0,1.0,57.0,1.0,28.0,1.0,0.0,0.0,1.0,1.0,candidate_project_level_proxy_not_registry_derived,C:\Users\陈楚玲\Desktop\ppp论文数据\codex项目\ppp论文数据\02_第9部分_最终可用内容\（补充）项目级建模底表\PPP_project_level_risk_model_data_v3_无泄漏严格版_标签统一_20260413_0912.csv
河北省,2013,2,1.0,3.0,1.0,431.0,1.0,287.0,1.0,2.5,1.0,0.0,0.0,1.0,1.0,candidate_project_level_proxy_not_registry_derived,C:\Users\陈楚玲\Desktop\ppp论文数据\codex项目\ppp论文数据\02_第9部分_最终可用内容\（补充）项目级建模底表\PPP_project_level_risk_model_data_v3_无泄漏严格版_标签统一_20260413_0912.csv
河北省,2014,5,1.0,3.0,1.0,229.2,1.0,190.0,1.0,61.8,1.0,0.0,0.0,1.0,1.0,candidate_project_level_proxy_not_registry_derived,C:\Users\陈楚玲\Desktop\ppp论文数据\codex项目\ppp论文数据\02_第9部分_最终可用内容\（补充）项目级建模底表\PPP_project_level_risk_model_data_v3_无泄漏严格版_标签统一_20260413_0912.csv
河北省,2015,68,1.0,3.0,1.0,303.8529411764706,1.0,174.39705882352942,1.0,82.11764705882354,0.9558823529411765,0.04411764705882353,0.0,1.0,1.0,candidate_project_level_proxy_not_registry_derived,C:\Users\陈楚玲\Desktop\ppp论文数据\codex项目\ppp论文数据\02_第9部分_最终可用内容\（补充）项目级建模底表\PPP_project_level_risk_model_data_v3_无泄漏严格版_标签统一_20260413_0912.csv
河北省,2016,109,1.0,3.0,1.0,284.7889908256881,1.0,186.75229357798165,1.0,64.8440366972477,0.944954128440367,0.05504587155963303,0.0,1.0,1.0,candidate_project_level_proxy_not_registry_derived,C:\Users\陈楚玲\Desktop\ppp论文数据\codex项目\ppp论文数据\02_第9部分_最终可用内容\（补充）项目级建模底表\PPP_project_level_risk_model_data_v3_无泄漏严格版_标签统一_20260413_0912.csv
河北省,2017,114,1.0,3.0,1.0,288.5263157894737,1.0,172.82456140350877,1.0,64.1140350877193,0.8596491228070176,0.12280701754385964,0.017543859649122806,1.0,1.0,candidate_project_level_proxy_not_registry_derived,C:\Users\陈楚玲\Desktop\ppp论文数据\codex项目\ppp论文数据\02_第9部分_最终可用内容\（补充）项目级建模底表\PPP_project_level_risk_model_data_v3_无泄漏严格版_标签统一_20260413_0912.csv
河北省,2018,52,1.0,3.0,1.0,321.3076923076923,1.0,196.0,1.0,47.28846153846154,0.8269230769230769,0.17307692307692307,0.0,1.0,1.0,candidate_project_level_proxy_not_registry_derived,C:\Users\陈楚玲\Desktop\ppp论文数据\codex项目\ppp论文数据\02_第9部分_最终可用内容\（补充）项目级建模底表\PPP_project_level_risk_model_data_v3_无泄漏严格版_标签统一_20260413_0912.csv
河北省,2019,42,1.0,3.0,1.0,303.6190476190476,1.0,200.47619047619048,1.0,54.857142857142854,0.7380952380952381,0.2619047619047619,0.0,1.0,1.0,candidate_project_level_proxy_not_registry_derived,C:\Users\陈楚玲\Desktop\ppp论文数据\codex项目\ppp论文数据\02_第9部分_最终可用内容\（补充）项目级建模底表\PPP_project_level_risk_model_data_v3_无泄漏严格版_标签统一_20260413_0912.csv
河北省,2020,31,1.0,3.0,1.0,271.19354838709677,1.0,187.41935483870967,1.0,40.16129032258065,0.2903225806451613,0.7096774193548387,0.0,1.0,1.0,candidate_project_level_proxy_not_registry_derived,C:\Users\陈楚玲\Desktop\ppp论文数据\codex项目\ppp论文数据\02_第9部分_最终可用内容\（补充）项目级建模底表\PPP_project_level_risk_model_data_v3_无泄漏严格版_标签统一_20260413_0912.csv
河北省,2021,20,1.0,3.0,1.0,238.1,1.0,154.95,1.0,64.4,0.2,0.8,0.0,1.0,1.0,candidate_project_level_proxy_not_registry_derived,C:\Users\陈楚玲\Desktop\ppp论文数据\codex项目\ppp论文数据\02_第9部分_最终可用内容\（补充）项目级建模底表\PPP_project_level_risk_model_data_v3_无泄漏严格版_标签统一_20260413_0912.csv
河北省,2022,18,1.0,3.0,1.0,191.33333333333334,1.0,159.0,1.0,51.388888888888886,0.0,1.0,0.0,1.0,1.0,candidate_project_level_proxy_not_registry_derived,C:\Users\陈楚玲\Desktop\ppp论文数据\codex项目\ppp论文数据\02_第9部分_最终可用内容\（补充）项目级建模底表\PPP_project_level_risk_model_data_v3_无泄漏严格版_标签统一_20260413_0912.csv
河南省,2012,1,1.0,3.0,1.0,455.0,1.0,106.0,1.0,125.0,1.0,0.0,0.0,1.0,1.0,candidate_project_level_proxy_not_registry_derived,C:\Users\陈楚玲\Desktop\ppp论文数据\codex项目\ppp论文数据\02_第9部分_最终可用内容\（补充）项目级建模底表\PPP_project_level_risk_model_data_v3_无泄漏严格版_标签统一_20260413_0912.csv
河南省,2013,3,1.0,3.0,1.0,277.0,1.0,227.0,1.0,223.0,1.0,0.0,0.0,1.0,1.0,candidate_project_level_proxy_not_registry_derived,C:\Users\陈楚玲\Desktop\ppp论文数据\codex项目\ppp论文数据\02_第9部分_最终可用内容\（补充）项目级建模底表\PPP_project_level_risk_model_data_v3_无泄漏严格版_标签统一_20260413_0912.csv
河南省,2014,6,1.0,3.0,1.0,368.8333333333333,1.0,196.66666666666666,1.0,94.33333333333333,1.0,0.0,0.0,1.0,1.0,candidate_project_level_proxy_not_registry_derived,C:\Users\陈楚玲\Desktop\ppp论文数据\codex项目\ppp论文数据\02_第9部分_最终可用内容\（补充）项目级建模底表\PPP_project_level_risk_model_data_v3_无泄漏严格版_标签统一_20260413_0912.csv
河南省,2015,117,0.9943019943019943,2.982905982905983,1.0,290.7350427350427,1.0,181.35042735042734,0.9829059829059829,51.042735042735046,0.9316239316239316,0.05982905982905983,0.008547008547008548,1.0,1.0,candidate_project_level_proxy_not_registry_derived,C:\Users\陈楚玲\Desktop\ppp论文数据\codex项目\ppp论文数据\02_第9部分_最终可用内容\（补充）项目级建模底表\PPP_project_level_risk_model_data_v3_无泄漏严格版_标签统一_20260413_0912.csv
河南省,2016,141,0.9952718676122932,2.9858156028368796,1.0,278.0070921985816,1.0,153.32624113475177,0.9858156028368794,63.304964539007095,0.9078014184397163,0.07092198581560284,0.02127659574468085,1.0,1.0,candidate_project_level_proxy_not_registry_derived,C:\Users\陈楚玲\Desktop\ppp论文数据\codex项目\ppp论文数据\02_第9部分_最终可用内容\（补充）项目级建模底表\PPP_project_level_risk_model_data_v3_无泄漏严格版_标签统一_20260413_0912.csv
河南省,2017,271,0.992619926199262,2.977859778597786,1.0,270.49446494464945,1.0,177.1439114391144,0.977859778597786,45.701107011070114,0.8671586715867159,0.1070110701107011,0.025830258302583026,0.996309963099631,0.996309963099631,candidate_project_level_proxy_not_registry_derived,C:\Users\陈楚玲\Desktop\ppp论文数据\codex项目\ppp论文数据\02_第9部分_最终可用内容\（补充）项目级建模底表\PPP_project_level_risk_model_data_v3_无泄漏严格版_标签统一_20260413_0912.csv
河南省,2018,66,0.994949494949495,2.984848484848485,1.0,288.45454545454544,1.0,144.43939393939394,0.9848484848484849,42.46969696969697,0.6818181818181818,0.25757575757575757,0.06060606060606061,0.9848484848484849,1.0,candidate_project_level_proxy_not_registry_derived,C:\Users\陈楚玲\Desktop\ppp论文数据\codex项目\ppp论文数据\02_第9部分_最终可用内容\（补充）项目级建模底表\PPP_project_level_risk_model_data_v3_无泄漏严格版_标签统一_20260413_0912.csv
河南省,2019,82,1.0,3.0,1.0,245.5731707317073,1.0,181.41463414634146,1.0,23.121951219512194,0.5,0.45121951219512196,0.04878048780487805,1.0,1.0,candidate_project_level_proxy_not_registry_derived,C:\Users\陈楚玲\Desktop\ppp论文数据\codex项目\ppp论文数据\02_第9部分_最终可用内容\（补充）项目级建模底表\PPP_project_level_risk_model_data_v3_无泄漏严格版_标签统一_20260413_0912.csv
河南省,2020,72,1.0,3.0,1.0,207.80555555555554,1.0,138.29166666666666,1.0,12.98611111111111,0.4722222222222222,0.4861111111111111,0.041666666666666664,1.0,1.0,candidate_project_level_proxy_not_registry_derived,C:\Users\陈楚玲\Desktop\ppp论文数据\codex项目\ppp论文数据\02_第9部分_最终可用内容\（补充）项目级建模底表\PPP_project_level_risk_model_data_v3_无泄漏严格版_标签统一_20260413_0912.csv
河南省,2021,25,1.0,3.0,1.0,178.8,1.0,147.4,1.0,20.8,0.28,0.72,0.0,1.0,1.0,candidate_project_level_proxy_not_registry_derived,C:\Users\陈楚玲\Desktop\ppp论文数据\codex项目\ppp论文数据\02_第9部分_最终可用内容\（补充）项目级建模底表\PPP_project_level_risk_model_data_v3_无泄漏严格版_标签统一_20260413_0912.csv
河南省,2022,15,1.0,3.0,1.0,232.0,1.0,183.0,1.0,35.53333333333333,0.0,1.0,0.0,1.0,1.0,candidate_project_level_proxy_not_registry_derived,C:\Users\陈楚玲\Desktop\ppp论文数据\codex项目\ppp论文数据\02_第9部分_最终可用内容\（补充）项目级建模底表\PPP_project_level_risk_model_data_v3_无泄漏严格版_标签统一_20260413_0912.csv
浙江省,2013,5,0.9333333333333332,2.8,1.0,309.0,1.0,153.4,0.8,37.4,1.0,0.0,0.0,1.0,1.0,candidate_project_level_proxy_not_registry_derived,C:\Users\陈楚玲\Desktop\ppp论文数据\codex项目\ppp论文数据\02_第9部分_最终可用内容\（补充）项目级建模底表\PPP_project_level_risk_model_data_v3_无泄漏严格版_标签统一_20260413_0912.csv
浙江省,2014,12,1.0,3.0,1.0,173.08333333333334,1.0,117.58333333333333,1.0,21.333333333333332,0.8333333333333334,0.0,0.16666666666666666,1.0,1.0,candidate_project_level_proxy_not_registry_derived,C:\Users\陈楚玲\Desktop\ppp论文数据\codex项目\ppp论文数据\02_第9部分_最终可用内容\（补充）项目级建模底表\PPP_project_level_risk_model_data_v3_无泄漏严格版_标签统一_20260413_0912.csv
浙江省,2015,85,0.9803921568627451,2.9411764705882355,1.0,266.7176470588235,0.9882352941176471,157.35294117647058,0.9529411764705882,27.6,0.9882352941176471,0.0,0.011764705882352941,0.9882352941176471,0.9882352941176471,candidate_project_level_proxy_not_registry_derived,C:\Users\陈楚玲\Desktop\ppp论文数据\codex项目\ppp论文数据\02_第9部分_最终可用内容\（补充）项目级建模底表\PPP_project_level_risk_model_data_v3_无泄漏严格版_标签统一_20260413_0912.csv
浙江省,2016,134,0.9427860696517413,2.828358208955224,1.0,274.6044776119403,0.9776119402985075,177.61194029850745,0.8507462686567164,30.059701492537314,0.9925373134328358,0.0,0.007462686567164179,0.9925373134328358,0.9925373134328358,candidate_project_level_proxy_not_registry_derived,C:\Users\陈楚玲\Desktop\ppp论文数据\codex项目\ppp论文数据\02_第9部分_最终可用内容\（补充）项目级建模底表\PPP_project_level_risk_model_data_v3_无泄漏严格版_标签统一_20260413_0912.csv
浙江省,2017,162,0.9897119341563787,2.9691358024691357,1.0,271.80864197530866,1.0,175.6604938271605,0.9691358024691358,28.51851851851852,0.9506172839506173,0.043209876543209874,0.006172839506172839,1.0,1.0,candidate_project_level_proxy_not_registry_derived,C:\Users\陈楚玲\Desktop\ppp论文数据\codex项目\ppp论文数据\02_第9部分_最终可用内容\（补充）项目级建模底表\PPP_project_level_risk_model_data_v3_无泄漏严格版_标签统一_20260413_0912.csv
浙江省,2018,54,1.0,3.0,1.0,286.8703703703704,1.0,168.7037037037037,1.0,20.425925925925927,0.9629629629629629,0.018518518518518517,0.018518518518518517,1.0,1.0,candidate_project_level_proxy_not_registry_derived,C:\Users\陈楚玲\Desktop\ppp论文数据\codex项目\ppp论文数据\02_第9部分_最终可用内容\（补充）项目级建模底表\PPP_project_level_risk_model_data_v3_无泄漏严格版_标签统一_20260413_0912.csv
浙江省,2019,23,1.0,3.0,1.0,327.30434782608694,1.0,191.47826086956522,1.0,26.130434782608695,0.9565217391304348,0.043478260869565216,0.0,1.0,1.0,candidate_project_level_proxy_not_registry_derived,C:\Users\陈楚玲\Desktop\ppp论文数据\codex项目\ppp论文数据\02_第9部分_最终可用内容\（补充）项目级建模底表\PPP_project_level_risk_model_data_v3_无泄漏严格版_标签统一_20260413_0912.csv
浙江省,2020,6,1.0,3.0,1.0,173.5,1.0,124.16666666666667,1.0,24.666666666666668,0.5,0.3333333333333333,0.16666666666666666,1.0,1.0,candidate_project_level_proxy_not_registry_derived,C:\Users\陈楚玲\Desktop\ppp论文数据\codex项目\ppp论文数据\02_第9部分_最终可用内容\（补充）项目级建模底表\PPP_project_level_risk_model_data_v3_无泄漏严格版_标签统一_20260413_0912.csv
浙江省,2021,7,1.0,3.0,1.0,268.57142857142856,1.0,160.28571428571428,1.0,41.142857142857146,0.7142857142857143,0.2857142857142857,0.0,1.0,1.0,candidate_project_level_proxy_not_registry_derived,C:\Users\陈楚玲\Desktop\ppp论文数据\codex项目\ppp论文数据\02_第9部分_最终可用内容\（补充）项目级建模底表\PPP_project_level_risk_model_data_v3_无泄漏严格版_标签统一_20260413_0912.csv
浙江省,2022,1,1.0,3.0,1.0,210.0,1.0,309.0,1.0,2.0,0.0,1.0,0.0,1.0,1.0,candidate_project_level_proxy_not_registry_derived,C:\Users\陈楚玲\Desktop\ppp论文数据\codex项目\ppp论文数据\02_第9部分_最终可用内容\（补充）项目级建模底表\PPP_project_level_risk_model_data_v3_无泄漏严格版_标签统一_20260413_0912.csv
海南省,2012,1,1.0,3.0,1.0,440.0,1.0,11.0,1.0,23.0,1.0,0.0,0.0,1.0,1.0,candidate_project_level_proxy_not_registry_derived,C:\Users\陈楚玲\Desktop\ppp论文数据\codex项目\ppp论文数据\02_第9部分_最终可用内容\（补充）项目级建模底表\PPP_project_level_risk_model_data_v3_无泄漏严格版_标签统一_20260413_0912.csv
海南省,2013,1,1.0,3.0,1.0,309.0,1.0,19.0,1.0,4.0,1.0,0.0,0.0,1.0,1.0,candidate_project_level_proxy_not_registry_derived,C:\Users\陈楚玲\Desktop\ppp论文数据\codex项目\ppp论文数据\02_第9部分_最终可用内容\（补充）项目级建模底表\PPP_project_level_risk_model_data_v3_无泄漏严格版_标签统一_20260413_0912.csv
海南省,2014,1,1.0,3.0,1.0,345.0,1.0,115.0,1.0,36.0,1.0,0.0,0.0,1.0,1.0,candidate_project_level_proxy_not_registry_derived,C:\Users\陈楚玲\Desktop\ppp论文数据\codex项目\ppp论文数据\02_第9部分_最终可用内容\（补充）项目级建模底表\PPP_project_level_risk_model_data_v3_无泄漏严格版_标签统一_20260413_0912.csv
海南省,2015,18,0.9629629629629629,2.888888888888889,1.0,237.66666666666666,1.0,211.61111111111111,0.8888888888888888,29.833333333333332,1.0,0.0,0.0,1.0,1.0,candidate_project_level_proxy_not_registry_derived,C:\Users\陈楚玲\Desktop\ppp论文数据\codex项目\ppp论文数据\02_第9部分_最终可用内容\（补充）项目级建模底表\PPP_project_level_risk_model_data_v3_无泄漏严格版_标签统一_20260413_0912.csv
海南省,2016,42,0.8571428571428571,2.5714285714285716,1.0,199.1904761904762,0.8095238095238095,174.52380952380952,0.7619047619047619,37.95238095238095,0.9285714285714286,0.047619047619047616,0.023809523809523808,0.9761904761904762,0.9761904761904762,candidate_project_level_proxy_not_registry_derived,C:\Users\陈楚玲\Desktop\ppp论文数据\codex项目\ppp论文数据\02_第9部分_最终可用内容\（补充）项目级建模底表\PPP_project_level_risk_model_data_v3_无泄漏严格版_标签统一_20260413_0912.csv
海南省,2017,14,0.9761904761904762,2.9285714285714284,1.0,298.2142857142857,1.0,185.28571428571428,0.9285714285714286,33.07142857142857,0.7857142857142857,0.21428571428571427,0.0,1.0,1.0,candidate_project_level_proxy_not_registry_derived,C:\Users\陈楚玲\Desktop\ppp论文数据\codex项目\ppp论文数据\02_第9部分_最终可用内容\（补充）项目级建模底表\PPP_project_level_risk_model_data_v3_无泄漏严格版_标签统一_20260413_0912.csv
海南省,2018,3,1.0,3.0,1.0,241.0,1.0,50.333333333333336,1.0,2.6666666666666665,1.0,0.0,0.0,1.0,1.0,candidate_project_level_proxy_not_registry_derived,C:\Users\陈楚玲\Desktop\ppp论文数据\codex项目\ppp论文数据\02_第9部分_最终可用内容\（补充）项目级建模底表\PPP_project_level_risk_model_data_v3_无泄漏严格版_标签统一_20260413_0912.csv
海南省,2019,6,1.0,3.0,1.0,215.33333333333334,1.0,154.83333333333334,1.0,4.5,1.0,0.0,0.0,1.0,1.0,candidate_project_level_proxy_not_registry_derived,C:\Users\陈楚玲\Desktop\ppp论文数据\codex项目\ppp论文数据\02_第9部分_最终可用内容\（补充）项目级建模底表\PPP_project_level_risk_model_data_v3_无泄漏严格版_标签统一_20260413_0912.csv
海南省,2020,6,1.0,3.0,1.0,232.33333333333334,1.0,166.33333333333334,1.0,44.333333333333336,0.6666666666666666,0.3333333333333333,0.0,1.0,1.0,candidate_project_level_proxy_not_registry_derived,C:\Users\陈楚玲\Desktop\ppp论文数据\codex项目\ppp论文数据\02_第9部分_最终可用内容\（补充）项目级建模底表\PPP_project_level_risk_model_data_v3_无泄漏严格版_标签统一_20260413_0912.csv
海南省,2021,3,1.0,3.0,1.0,214.66666666666666,1.0,102.33333333333333,1.0,105.66666666666667,0.3333333333333333,0.6666666666666666,0.0,1.0,1.0,candidate_project_level_proxy_not_registry_derived,C:\Users\陈楚玲\Desktop\ppp论文数据\codex项目\ppp论文数据\02_第9部分_最终可用内容\（补充）项目级建模底表\PPP_project_level_risk_model_data_v3_无泄漏严格版_标签统一_20260413_0912.csv
海南省,2022,5,1.0,3.0,1.0,230.2,1.0,235.6,1.0,122.6,0.0,1.0,0.0,1.0,1.0,candidate_project_level_proxy_not_registry_derived,C:\Users\陈楚玲\Desktop\ppp论文数据\codex项目\ppp论文数据\02_第9部分_最终可用内容\（补充）项目级建模底表\PPP_project_level_risk_model_data_v3_无泄漏严格版_标签统一_20260413_0912.csv
湖北省,2013,1,1.0,3.0,1.0,311.0,1.0,25.0,1.0,49.0,1.0,0.0,0.0,1.0,1.0,candidate_project_level_proxy_not_registry_derived,C:\Users\陈楚玲\Desktop\ppp论文数据\codex项目\ppp论文数据\02_第9部分_最终可用内容\（补充）项目级建模底表\PPP_project_level_risk_model_data_v3_无泄漏严格版_标签统一_20260413_0912.csv
湖北省,2014,4,0.9166666666666666,2.75,1.0,242.0,1.0,182.5,0.75,38.5,1.0,0.0,0.0,1.0,1.0,candidate_project_level_proxy_not_registry_derived,C:\Users\陈楚玲\Desktop\ppp论文数据\codex项目\ppp论文数据\02_第9部分_最终可用内容\（补充）项目级建模底表\PPP_project_level_risk_model_data_v3_无泄漏严格版_标签统一_20260413_0912.csv
湖北省,2015,37,0.981981981981982,2.945945945945946,1.0,275.72972972972974,0.972972972972973,190.8108108108108,0.972972972972973,71.75675675675676,0.9459459459459459,0.05405405405405406,0.0,1.0,1.0,candidate_project_level_proxy_not_registry_derived,C:\Users\陈楚玲\Desktop\ppp论文数据\codex项目\ppp论文数据\02_第9部分_最终可用内容\（补充）项目级建模底表\PPP_project_level_risk_model_data_v3_无泄漏严格版_标签统一_20260413_0912.csv
湖北省,2016,96,0.9756944444444445,2.9270833333333335,1.0,276.0,1.0,169.97916666666666,0.9270833333333334,67.73958333333333,0.84375,0.125,0.03125,1.0,1.0,candidate_project_level_proxy_not_registry_derived,C:\Users\陈楚玲\Desktop\ppp论文数据\codex项目\ppp论文数据\02_第9部分_最终可用内容\（补充）项目级建模底表\PPP_project_level_risk_model_data_v3_无泄漏严格版_标签统一_20260413_0912.csv
湖北省,2017,195,0.9641025641025641,2.8923076923076922,1.0,267.9948717948718,1.0,181.94358974358974,0.8923076923076924,61.85128205128205,0.841025641025641,0.15384615384615385,0.005128205128205128,1.0,1.0,candidate_project_level_proxy_not_registry_derived,C:\Users\陈楚玲\Desktop\ppp论文数据\codex项目\ppp论文数据\02_第9部分_最终可用内容\（补充）项目级建模底表\PPP_project_level_risk_model_data_v3_无泄漏严格版_标签统一_20260413_0912.csv
湖北省,2018,40,0.9833333333333334,2.95,1.0,282.0,1.0,205.9,0.95,46.775,0.625,0.325,0.05,1.0,1.0,candidate_project_level_proxy_not_registry_derived,C:\Users\陈楚玲\Desktop\ppp论文数据\codex项目\ppp论文数据\02_第9部分_最终可用内容\（补充）项目级建模底表\PPP_project_level_risk_model_data_v3_无泄漏严格版_标签统一_20260413_0912.csv
湖北省,2019,22,1.0,3.0,1.0,258.77272727272725,1.0,117.77272727272727,1.0,41.45454545454545,0.5454545454545454,0.36363636363636365,0.09090909090909091,1.0,1.0,candidate_project_level_proxy_not_registry_derived,C:\Users\陈楚玲\Desktop\ppp论文数据\codex项目\ppp论文数据\02_第9部分_最终可用内容\（补充）项目级建模底表\PPP_project_level_risk_model_data_v3_无泄漏严格版_标签统一_20260413_0912.csv
湖北省,2020,14,1.0,3.0,1.0,241.28571428571428,1.0,190.07142857142858,1.0,27.214285714285715,0.21428571428571427,0.7857142857142857,0.0,1.0,1.0,candidate_project_level_proxy_not_registry_derived,C:\Users\陈楚玲\Desktop\ppp论文数据\codex项目\ppp论文数据\02_第9部分_最终可用内容\（补充）项目级建模底表\PPP_project_level_risk_model_data_v3_无泄漏严格版_标签统一_20260413_0912.csv
湖北省,2021,11,1.0,3.0,1.0,203.27272727272728,1.0,192.36363636363637,1.0,83.45454545454545,0.18181818181818182,0.8181818181818182,0.0,1.0,1.0,candidate_project_level_proxy_not_registry_derived,C:\Users\陈楚玲\Desktop\ppp论文数据\codex项目\ppp论文数据\02_第9部分_最终可用内容\（补充）项目级建模底表\PPP_project_level_risk_model_data_v3_无泄漏严格版_标签统一_20260413_0912.csv
湖北省,2022,12,1.0,3.0,1.0,211.16666666666666,1.0,152.33333333333334,1.0,72.83333333333333,0.0,1.0,0.0,1.0,1.0,candidate_project_level_proxy_not_registry_derived,C:\Users\陈楚玲\Desktop\ppp论文数据\codex项目\ppp论文数据\02_第9部分_最终可用内容\（补充）项目级建模底表\PPP_project_level_risk_model_data_v3_无泄漏严格版_标签统一_20260413_0912.csv
湖南省,2012,2,1.0,3.0,1.0,289.0,1.0,233.0,1.0,160.0,1.0,0.0,0.0,1.0,1.0,candidate_project_level_proxy_not_registry_derived,C:\Users\陈楚玲\Desktop\ppp论文数据\codex项目\ppp论文数据\02_第9部分_最终可用内容\（补充）项目级建模底表\PPP_project_level_risk_model_data_v3_无泄漏严格版_标签统一_20260413_0912.csv
湖南省,2013,2,1.0,3.0,1.0,237.0,1.0,222.5,1.0,2.5,1.0,0.0,0.0,1.0,1.0,candidate_project_level_proxy_not_registry_derived,C:\Users\陈楚玲\Desktop\ppp论文数据\codex项目\ppp论文数据\02_第9部分_最终可用内容\（补充）项目级建模底表\PPP_project_level_risk_model_data_v3_无泄漏严格版_标签统一_20260413_0912.csv
湖南省,2014,6,0.9444444444444443,2.8333333333333335,1.0,249.5,0.8333333333333334,129.16666666666666,1.0,82.0,1.0,0.0,0.0,1.0,1.0,candidate_project_level_proxy_not_registry_derived,C:\Users\陈楚玲\Desktop\ppp论文数据\codex项目\ppp论文数据\02_第9部分_最终可用内容\（补充）项目级建模底表\PPP_project_level_risk_model_data_v3_无泄漏严格版_标签统一_20260413_0912.csv
湖南省,2015,73,0.9908675799086757,2.9726027397260273,1.0,291.8493150684931,1.0,175.7945205479452,0.9726027397260274,84.83561643835617,0.9863013698630136,0.0136986301369863,0.0,1.0,1.0,candidate_project_level_proxy_not_registry_derived,C:\Users\陈楚玲\Desktop\ppp论文数据\codex项目\ppp论文数据\02_第9部分_最终可用内容\（补充）项目级建模底表\PPP_project_level_risk_model_data_v3_无泄漏严格版_标签统一_20260413_0912.csv
湖南省,2016,102,1.0,3.0,1.0,301.87254901960785,1.0,171.99019607843138,1.0,64.13725490196079,0.9803921568627451,0.0196078431372549,0.0,1.0,1.0,candidate_project_level_proxy_not_registry_derived,C:\Users\陈楚玲\Desktop\ppp论文数据\codex项目\ppp论文数据\02_第9部分_最终可用内容\（补充）项目级建模底表\PPP_project_level_risk_model_data_v3_无泄漏严格版_标签统一_20260413_0912.csv
湖南省,2017,78,1.0,3.0,1.0,301.94871794871796,1.0,195.26923076923077,1.0,72.85897435897436,0.9871794871794872,0.01282051282051282,0.0,1.0,1.0,candidate_project_level_proxy_not_registry_derived,C:\Users\陈楚玲\Desktop\ppp论文数据\codex项目\ppp论文数据\02_第9部分_最终可用内容\（补充）项目级建模底表\PPP_project_level_risk_model_data_v3_无泄漏严格版_标签统一_20260413_0912.csv
湖南省,2018,33,1.0,3.0,1.0,328.6363636363636,1.0,229.06060606060606,1.0,51.515151515151516,0.8787878787878788,0.09090909090909091,0.030303030303030304,1.0,1.0,candidate_project_level_proxy_not_registry_derived,C:\Users\陈楚玲\Desktop\ppp论文数据\codex项目\ppp论文数据\02_第9部分_最终可用内容\（补充）项目级建模底表\PPP_project_level_risk_model_data_v3_无泄漏严格版_标签统一_20260413_0912.csv
湖南省,2019,28,1.0,3.0,1.0,298.5357142857143,1.0,210.82142857142858,1.0,54.32142857142857,0.8571428571428571,0.14285714285714285,0.0,1.0,1.0,candidate_project_level_proxy_not_registry_derived,C:\Users\陈楚玲\Desktop\ppp论文数据\codex项目\ppp论文数据\02_第9部分_最终可用内容\（补充）项目级建模底表\PPP_project_level_risk_model_data_v3_无泄漏严格版_标签统一_20260413_0912.csv
湖南省,2020,17,1.0,3.0,1.0,232.76470588235293,1.0,171.8235294117647,1.0,27.352941176470587,0.47058823529411764,0.5294117647058824,0.0,1.0,1.0,candidate_project_level_proxy_not_registry_derived,C:\Users\陈楚玲\Desktop\ppp论文数据\codex项目\ppp论文数据\02_第9部分_最终可用内容\（补充）项目级建模底表\PPP_project_level_risk_model_data_v3_无泄漏严格版_标签统一_20260413_0912.csv
湖南省,2021,3,1.0,3.0,1.0,152.33333333333334,1.0,117.66666666666667,1.0,3.3333333333333335,0.0,1.0,0.0,1.0,1.0,candidate_project_level_proxy_not_registry_derived,C:\Users\陈楚玲\Desktop\ppp论文数据\codex项目\ppp论文数据\02_第9部分_最终可用内容\（补充）项目级建模底表\PPP_project_level_risk_model_data_v3_无泄漏严格版_标签统一_20260413_0912.csv
甘肃省,2014,5,1.0,3.0,1.0,258.6,1.0,84.0,1.0,123.0,1.0,0.0,0.0,1.0,1.0,candidate_project_level_proxy_not_registry_derived,C:\Users\陈楚玲\Desktop\ppp论文数据\codex项目\ppp论文数据\02_第9部分_最终可用内容\（补充）项目级建模底表\PPP_project_level_risk_model_data_v3_无泄漏严格版_标签统一_20260413_0912.csv
甘肃省,2015,9,1.0,3.0,1.0,350.1111111111111,1.0,140.33333333333334,1.0,90.66666666666667,1.0,0.0,0.0,1.0,1.0,candidate_project_level_proxy_not_registry_derived,C:\Users\陈楚玲\Desktop\ppp论文数据\codex项目\ppp论文数据\02_第9部分_最终可用内容\（补充）项目级建模底表\PPP_project_level_risk_model_data_v3_无泄漏严格版_标签统一_20260413_0912.csv
甘肃省,2016,17,1.0,3.0,1.0,306.52941176470586,1.0,178.52941176470588,1.0,85.82352941176471,1.0,0.0,0.0,1.0,1.0,candidate_project_level_proxy_not_registry_derived,C:\Users\陈楚玲\Desktop\ppp论文数据\codex项目\ppp论文数据\02_第9部分_最终可用内容\（补充）项目级建模底表\PPP_project_level_risk_model_data_v3_无泄漏严格版_标签统一_20260413_0912.csv
甘肃省,2017,29,1.0,3.0,1.0,282.0344827586207,1.0,204.3448275862069,1.0,105.20689655172414,1.0,0.0,0.0,1.0,1.0,candidate_project_level_proxy_not_registry_derived,C:\Users\陈楚玲\Desktop\ppp论文数据\codex项目\ppp论文数据\02_第9部分_最终可用内容\（补充）项目级建模底表\PPP_project_level_risk_model_data_v3_无泄漏严格版_标签统一_20260413_0912.csv
甘肃省,2018,30,1.0,3.0,1.0,324.4,1.0,186.4,1.0,124.86666666666666,1.0,0.0,0.0,1.0,1.0,candidate_project_level_proxy_not_registry_derived,C:\Users\陈楚玲\Desktop\ppp论文数据\codex项目\ppp论文数据\02_第9部分_最终可用内容\（补充）项目级建模底表\PPP_project_level_risk_model_data_v3_无泄漏严格版_标签统一_20260413_0912.csv
甘肃省,2019,12,1.0,3.0,1.0,284.6666666666667,1.0,183.08333333333334,1.0,58.166666666666664,1.0,0.0,0.0,1.0,1.0,candidate_project_level_proxy_not_registry_derived,C:\Users\陈楚玲\Desktop\ppp论文数据\codex项目\ppp论文数据\02_第9部分_最终可用内容\（补充）项目级建模底表\PPP_project_level_risk_model_data_v3_无泄漏严格版_标签统一_20260413_0912.csv
甘肃省,2020,21,1.0,3.0,1.0,302.57142857142856,1.0,168.47619047619048,1.0,20.19047619047619,0.9047619047619048,0.09523809523809523,0.0,1.0,1.0,candidate_project_level_proxy_not_registry_derived,C:\Users\陈楚玲\Desktop\ppp论文数据\codex项目\ppp论文数据\02_第9部分_最终可用内容\（补充）项目级建模底表\PPP_project_level_risk_model_data_v3_无泄漏严格版_标签统一_20260413_0912.csv
甘肃省,2021,25,1.0,3.0,1.0,286.16,1.0,165.8,1.0,26.48,0.16,0.84,0.0,1.0,1.0,candidate_project_level_proxy_not_registry_derived,C:\Users\陈楚玲\Desktop\ppp论文数据\codex项目\ppp论文数据\02_第9部分_最终可用内容\（补充）项目级建模底表\PPP_project_level_risk_model_data_v3_无泄漏严格版_标签统一_20260413_0912.csv
甘肃省,2022,38,1.0,3.0,1.0,276.7631578947368,1.0,221.60526315789474,1.0,21.026315789473685,0.02631578947368421,0.9736842105263158,0.0,1.0,1.0,candidate_project_level_proxy_not_registry_derived,C:\Users\陈楚玲\Desktop\ppp论文数据\codex项目\ppp论文数据\02_第9部分_最终可用内容\（补充）项目级建模底表\PPP_project_level_risk_model_data_v3_无泄漏严格版_标签统一_20260413_0912.csv
福建省,2013,2,1.0,3.0,1.0,259.0,1.0,91.5,1.0,73.0,1.0,0.0,0.0,1.0,1.0,candidate_project_level_proxy_not_registry_derived,C:\Users\陈楚玲\Desktop\ppp论文数据\codex项目\ppp论文数据\02_第9部分_最终可用内容\（补充）项目级建模底表\PPP_project_level_risk_model_data_v3_无泄漏严格版_标签统一_20260413_0912.csv
福建省,2014,10,1.0,3.0,1.0,314.1,1.0,133.0,1.0,24.7,1.0,0.0,0.0,1.0,1.0,candidate_project_level_proxy_not_registry_derived,C:\Users\陈楚玲\Desktop\ppp论文数据\codex项目\ppp论文数据\02_第9部分_最终可用内容\（补充）项目级建模底表\PPP_project_level_risk_model_data_v3_无泄漏严格版_标签统一_20260413_0912.csv
福建省,2015,42,0.9761904761904762,2.9285714285714284,1.0,327.0238095238095,0.9523809523809523,142.83333333333334,0.9761904761904762,33.595238095238095,0.9761904761904762,0.0,0.023809523809523808,1.0,1.0,candidate_project_level_proxy_not_registry_derived,C:\Users\陈楚玲\Desktop\ppp论文数据\codex项目\ppp论文数据\02_第9部分_最终可用内容\（补充）项目级建模底表\PPP_project_level_risk_model_data_v3_无泄漏严格版_标签统一_20260413_0912.csv
福建省,2016,62,0.9784946236559139,2.935483870967742,1.0,328.85483870967744,1.0,258.56451612903226,0.9354838709677419,40.29032258064516,0.9516129032258065,0.03225806451612903,0.016129032258064516,0.9838709677419355,0.9838709677419355,candidate_project_level_proxy_not_registry_derived,C:\Users\陈楚玲\Desktop\ppp论文数据\codex项目\ppp论文数据\02_第9部分_最终可用内容\（补充）项目级建模底表\PPP_project_level_risk_model_data_v3_无泄漏严格版_标签统一_20260413_0912.csv
福建省,2017,134,0.9925373134328358,2.9776119402985075,1.0,327.2238805970149,1.0,181.6417910447761,0.9776119402985075,33.76865671641791,0.9776119402985075,0.014925373134328358,0.007462686567164179,1.0,1.0,candidate_project_level_proxy_not_registry_derived,C:\Users\陈楚玲\Desktop\ppp论文数据\codex项目\ppp论文数据\02_第9部分_最终可用内容\（补充）项目级建模底表\PPP_project_level_risk_model_data_v3_无泄漏严格版_标签统一_20260413_0912.csv
福建省,2018,42,0.992063492063492,2.9761904761904763,1.0,305.76190476190476,1.0,218.35714285714286,0.9761904761904762,37.88095238095238,0.8809523809523809,0.07142857142857142,0.047619047619047616,0.9761904761904762,0.9761904761904762,candidate_project_level_proxy_not_registry_derived,C:\Users\陈楚玲\Desktop\ppp论文数据\codex项目\ppp论文数据\02_第9部分_最终可用内容\（补充）项目级建模底表\PPP_project_level_risk_model_data_v3_无泄漏严格版_标签统一_20260413_0912.csv
福建省,2019,35,1.0,3.0,1.0,329.54285714285714,1.0,211.94285714285715,1.0,21.97142857142857,0.8285714285714286,0.11428571428571428,0.05714285714285714,1.0,1.0,candidate_project_level_proxy_not_registry_derived,C:\Users\陈楚玲\Desktop\ppp论文数据\codex项目\ppp论文数据\02_第9部分_最终可用内容\（补充）项目级建模底表\PPP_project_level_risk_model_data_v3_无泄漏严格版_标签统一_20260413_0912.csv
福建省,2020,17,1.0,3.0,1.0,308.70588235294116,1.0,140.64705882352942,1.0,17.0,0.5882352941176471,0.4117647058823529,0.0,1.0,1.0,candidate_project_level_proxy_not_registry_derived,C:\Users\陈楚玲\Desktop\ppp论文数据\codex项目\ppp论文数据\02_第9部分_最终可用内容\（补充）项目级建模底表\PPP_project_level_risk_model_data_v3_无泄漏严格版_标签统一_20260413_0912.csv
福建省,2021,8,1.0,3.0,1.0,231.375,1.0,157.375,1.0,19.375,0.375,0.625,0.0,1.0,1.0,candidate_project_level_proxy_not_registry_derived,C:\Users\陈楚玲\Desktop\ppp论文数据\codex项目\ppp论文数据\02_第9部分_最终可用内容\（补充）项目级建模底表\PPP_project_level_risk_model_data_v3_无泄漏严格版_标签统一_20260413_0912.csv
福建省,2022,18,1.0,3.0,1.0,251.22222222222223,1.0,183.33333333333334,1.0,29.333333333333332,0.0,1.0,0.0,1.0,1.0,candidate_project_level_proxy_not_registry_derived,C:\Users\陈楚玲\Desktop\ppp论文数据\codex项目\ppp论文数据\02_第9部分_最终可用内容\（补充）项目级建模底表\PPP_project_level_risk_model_data_v3_无泄漏严格版_标签统一_20260413_0912.csv
西藏自治区,2015,1,1.0,3.0,1.0,302.0,1.0,145.0,1.0,35.0,0.0,1.0,0.0,1.0,1.0,candidate_project_level_proxy_not_registry_derived,C:\Users\陈楚玲\Desktop\ppp论文数据\codex项目\ppp论文数据\02_第9部分_最终可用内容\（补充）项目级建模底表\PPP_project_level_risk_model_data_v3_无泄漏严格版_标签统一_20260413_0912.csv
西藏自治区,2017,1,1.0,3.0,1.0,231.0,1.0,134.0,1.0,201.0,1.0,0.0,0.0,1.0,1.0,candidate_project_level_proxy_not_registry_derived,C:\Users\陈楚玲\Desktop\ppp论文数据\codex项目\ppp论文数据\02_第9部分_最终可用内容\（补充）项目级建模底表\PPP_project_level_risk_model_data_v3_无泄漏严格版_标签统一_20260413_0912.csv
西藏自治区,2018,1,1.0,3.0,1.0,173.0,1.0,112.0,1.0,310.0,0.0,1.0,0.0,1.0,1.0,candidate_project_level_proxy_not_registry_derived,C:\Users\陈楚玲\Desktop\ppp论文数据\codex项目\ppp论文数据\02_第9部分_最终可用内容\（补充）项目级建模底表\PPP_project_level_risk_model_data_v3_无泄漏严格版_标签统一_20260413_0912.csv
贵州省,2010,2,0.6666666666666666,2.0,1.0,170.0,0.5,59.0,0.5,1.0,1.0,0.0,0.0,1.0,1.0,candidate_project_level_proxy_not_registry_derived,C:\Users\陈楚玲\Desktop\ppp论文数据\codex项目\ppp论文数据\02_第9部分_最终可用内容\（补充）项目级建模底表\PPP_project_level_risk_model_data_v3_无泄漏严格版_标签统一_20260413_0912.csv
贵州省,2011,3,0.3333333333333333,1.0,1.0,42.666666666666664,0.0,0.0,0.0,0.0,1.0,0.0,0.0,1.0,1.0,candidate_project_level_proxy_not_registry_derived,C:\Users\陈楚玲\Desktop\ppp论文数据\codex项目\ppp论文数据\02_第9部分_最终可用内容\（补充）项目级建模底表\PPP_project_level_risk_model_data_v3_无泄漏严格版_标签统一_20260413_0912.csv
贵州省,2012,3,0.3333333333333333,1.0,1.0,21.0,0.0,0.0,0.0,0.0,1.0,0.0,0.0,1.0,1.0,candidate_project_level_proxy_not_registry_derived,C:\Users\陈楚玲\Desktop\ppp论文数据\codex项目\ppp论文数据\02_第9部分_最终可用内容\（补充）项目级建模底表\PPP_project_level_risk_model_data_v3_无泄漏严格版_标签统一_20260413_0912.csv
贵州省,2013,6,0.4444444444444444,1.3333333333333333,1.0,109.83333333333333,0.16666666666666666,15.333333333333334,0.16666666666666666,0.3333333333333333,1.0,0.0,0.0,1.0,1.0,candidate_project_level_proxy_not_registry_derived,C:\Users\陈楚玲\Desktop\ppp论文数据\codex项目\ppp论文数据\02_第9部分_最终可用内容\（补充）项目级建模底表\PPP_project_level_risk_model_data_v3_无泄漏严格版_标签统一_20260413_0912.csv
贵州省,2014,10,0.5666666666666667,1.7,1.0,70.0,0.4,66.4,0.3,4.6,1.0,0.0,0.0,1.0,1.0,candidate_project_level_proxy_not_registry_derived,C:\Users\陈楚玲\Desktop\ppp论文数据\codex项目\ppp论文数据\02_第9部分_最终可用内容\（补充）项目级建模底表\PPP_project_level_risk_model_data_v3_无泄漏严格版_标签统一_20260413_0912.csv
贵州省,2015,62,0.9301075268817204,2.7903225806451615,1.0,282.01612903225805,0.9193548387096774,160.03225806451613,0.8709677419354839,66.3225806451613,0.9193548387096774,0.08064516129032258,0.0,1.0,1.0,candidate_project_level_proxy_not_registry_derived,C:\Users\陈楚玲\Desktop\ppp论文数据\codex项目\ppp论文数据\02_第9部分_最终可用内容\（补充）项目级建模底表\PPP_project_level_risk_model_data_v3_无泄漏严格版_标签统一_20260413_0912.csv
贵州省,2016,93,0.9749103942652331,2.924731182795699,1.0,264.9462365591398,0.989247311827957,192.46236559139786,0.9354838709677419,66.72043010752688,0.9139784946236559,0.08602150537634409,0.0,1.0,1.0,candidate_project_level_proxy_not_registry_derived,C:\Users\陈楚玲\Desktop\ppp论文数据\codex项目\ppp论文数据\02_第9部分_最终可用内容\（补充）项目级建模底表\PPP_project_level_risk_model_data_v3_无泄漏严格版_标签统一_20260413_0912.csv
贵州省,2017,91,0.978021978021978,2.934065934065934,1.0,292.5164835164835,1.0,190.12087912087912,0.9340659340659341,64.24175824175825,0.7362637362637363,0.1978021978021978,0.06593406593406594,1.0,1.0,candidate_project_level_proxy_not_registry_derived,C:\Users\陈楚玲\Desktop\ppp论文数据\codex项目\ppp论文数据\02_第9部分_最终可用内容\（补充）项目级建模底表\PPP_project_level_risk_model_data_v3_无泄漏严格版_标签统一_20260413_0912.csv
贵州省,2018,48,0.9930555555555555,2.9791666666666665,1.0,283.375,1.0,175.77083333333334,0.9791666666666666,59.145833333333336,0.625,0.16666666666666666,0.20833333333333334,1.0,1.0,candidate_project_level_proxy_not_registry_derived,C:\Users\陈楚玲\Desktop\ppp论文数据\codex项目\ppp论文数据\02_第9部分_最终可用内容\（补充）项目级建模底表\PPP_project_level_risk_model_data_v3_无泄漏严格版_标签统一_20260413_0912.csv
贵州省,2019,32,0.9895833333333334,2.96875,1.0,254.90625,1.0,202.25,0.96875,23.1875,0.5,0.34375,0.15625,1.0,1.0,candidate_project_level_proxy_not_registry_derived,C:\Users\陈楚玲\Desktop\ppp论文数据\codex项目\ppp论文数据\02_第9部分_最终可用内容\（补充）项目级建模底表\PPP_project_level_risk_model_data_v3_无泄漏严格版_标签统一_20260413_0912.csv
贵州省,2020,99,1.0,3.0,1.0,222.91919191919192,1.0,202.07070707070707,1.0,56.73737373737374,0.45454545454545453,0.5353535353535354,0.010101010101010102,1.0,1.0,candidate_project_level_proxy_not_registry_derived,C:\Users\陈楚玲\Desktop\ppp论文数据\codex项目\ppp论文数据\02_第9部分_最终可用内容\（补充）项目级建模底表\PPP_project_level_risk_model_data_v3_无泄漏严格版_标签统一_20260413_0912.csv
贵州省,2021,61,1.0,3.0,1.0,214.55737704918033,1.0,211.5737704918033,1.0,32.704918032786885,0.11475409836065574,0.8852459016393442,0.0,1.0,1.0,candidate_project_level_proxy_not_registry_derived,C:\Users\陈楚玲\Desktop\ppp论文数据\codex项目\ppp论文数据\02_第9部分_最终可用内容\（补充）项目级建模底表\PPP_project_level_risk_model_data_v3_无泄漏严格版_标签统一_20260413_0912.csv
贵州省,2022,3,1.0,3.0,1.0,257.6666666666667,1.0,280.6666666666667,1.0,125.33333333333333,0.0,1.0,0.0,1.0,1.0,candidate_project_level_proxy_not_registry_derived,C:\Users\陈楚玲\Desktop\ppp论文数据\codex项目\ppp论文数据\02_第9部分_最终可用内容\（补充）项目级建模底表\PPP_project_level_risk_model_data_v3_无泄漏严格版_标签统一_20260413_0912.csv
辽宁省,2010,1,1.0,3.0,1.0,45.0,1.0,244.0,1.0,2.0,1.0,0.0,0.0,1.0,1.0,candidate_project_level_proxy_not_registry_derived,C:\Users\陈楚玲\Desktop\ppp论文数据\codex项目\ppp论文数据\02_第9部分_最终可用内容\（补充）项目级建模底表\PPP_project_level_risk_model_data_v3_无泄漏严格版_标签统一_20260413_0912.csv
辽宁省,2012,2,1.0,3.0,1.0,109.5,1.0,277.0,1.0,2.0,1.0,0.0,0.0,1.0,1.0,candidate_project_level_proxy_not_registry_derived,C:\Users\陈楚玲\Desktop\ppp论文数据\codex项目\ppp论文数据\02_第9部分_最终可用内容\（补充）项目级建模底表\PPP_project_level_risk_model_data_v3_无泄漏严格版_标签统一_20260413_0912.csv
辽宁省,2013,2,1.0,3.0,1.0,69.0,1.0,104.0,1.0,2.0,1.0,0.0,0.0,1.0,1.0,candidate_project_level_proxy_not_registry_derived,C:\Users\陈楚玲\Desktop\ppp论文数据\codex项目\ppp论文数据\02_第9部分_最终可用内容\（补充）项目级建模底表\PPP_project_level_risk_model_data_v3_无泄漏严格版_标签统一_20260413_0912.csv
辽宁省,2014,4,0.9166666666666666,2.75,1.0,294.5,0.75,58.5,1.0,32.5,1.0,0.0,0.0,1.0,1.0,candidate_project_level_proxy_not_registry_derived,C:\Users\陈楚玲\Desktop\ppp论文数据\codex项目\ppp论文数据\02_第9部分_最终可用内容\（补充）项目级建模底表\PPP_project_level_risk_model_data_v3_无泄漏严格版_标签统一_20260413_0912.csv
辽宁省,2015,27,0.9629629629629629,2.888888888888889,1.0,252.40740740740742,1.0,146.33333333333334,0.8888888888888888,28.037037037037038,0.7777777777777778,0.2222222222222222,0.0,1.0,1.0,candidate_project_level_proxy_not_registry_derived,C:\Users\陈楚玲\Desktop\ppp论文数据\codex项目\ppp论文数据\02_第9部分_最终可用内容\（补充）项目级建模底表\PPP_project_level_risk_model_data_v3_无泄漏严格版_标签统一_20260413_0912.csv
辽宁省,2016,22,0.9545454545454546,2.8636363636363638,1.0,190.5909090909091,0.9545454545454546,157.04545454545453,0.9090909090909091,59.04545454545455,0.6363636363636364,0.3181818181818182,0.045454545454545456,1.0,1.0,candidate_project_level_proxy_not_registry_derived,C:\Users\陈楚玲\Desktop\ppp论文数据\codex项目\ppp论文数据\02_第9部分_最终可用内容\（补充）项目级建模底表\PPP_project_level_risk_model_data_v3_无泄漏严格版_标签统一_20260413_0912.csv
辽宁省,2017,40,0.9833333333333334,2.95,1.0,258.75,1.0,196.075,0.95,81.25,0.7,0.25,0.05,1.0,1.0,candidate_project_level_proxy_not_registry_derived,C:\Users\陈楚玲\Desktop\ppp论文数据\codex项目\ppp论文数据\02_第9部分_最终可用内容\（补充）项目级建模底表\PPP_project_level_risk_model_data_v3_无泄漏严格版_标签统一_20260413_0912.csv
辽宁省,2018,35,0.9714285714285714,2.914285714285714,1.0,285.4,1.0,188.11428571428573,0.9142857142857143,90.54285714285714,0.4857142857142857,0.4857142857142857,0.02857142857142857,1.0,1.0,candidate_project_level_proxy_not_registry_derived,C:\Users\陈楚玲\Desktop\ppp论文数据\codex项目\ppp论文数据\02_第9部分_最终可用内容\（补充）项目级建模底表\PPP_project_level_risk_model_data_v3_无泄漏严格版_标签统一_20260413_0912.csv
辽宁省,2019,52,1.0,3.0,1.0,253.34615384615384,1.0,200.15384615384616,1.0,86.92307692307692,0.3269230769230769,0.5961538461538461,0.07692307692307693,1.0,1.0,candidate_project_level_proxy_not_registry_derived,C:\Users\陈楚玲\Desktop\ppp论文数据\codex项目\ppp论文数据\02_第9部分_最终可用内容\（补充）项目级建模底表\PPP_project_level_risk_model_data_v3_无泄漏严格版_标签统一_20260413_0912.csv
辽宁省,2020,60,1.0,3.0,1.0,260.31666666666666,1.0,183.66666666666666,1.0,100.41666666666667,0.35,0.6166666666666667,0.03333333333333333,1.0,1.0,candidate_project_level_proxy_not_registry_derived,C:\Users\陈楚玲\Desktop\ppp论文数据\codex项目\ppp论文数据\02_第9部分_最终可用内容\（补充）项目级建模底表\PPP_project_level_risk_model_data_v3_无泄漏严格版_标签统一_20260413_0912.csv
辽宁省,2021,26,1.0,3.0,1.0,262.2307692307692,1.0,158.96153846153845,1.0,75.73076923076923,0.3076923076923077,0.6923076923076923,0.0,1.0,1.0,candidate_project_level_proxy_not_registry_derived,C:\Users\陈楚玲\Desktop\ppp论文数据\codex项目\ppp论文数据\02_第9部分_最终可用内容\（补充）项目级建模底表\PPP_project_level_risk_model_data_v3_无泄漏严格版_标签统一_20260413_0912.csv
辽宁省,2022,13,1.0,3.0,1.0,219.46153846153845,1.0,228.3846153846154,1.0,41.46153846153846,0.0,1.0,0.0,1.0,1.0,candidate_project_level_proxy_not_registry_derived,C:\Users\陈楚玲\Desktop\ppp论文数据\codex项目\ppp论文数据\02_第9部分_最终可用内容\（补充）项目级建模底表\PPP_project_level_risk_model_data_v3_无泄漏严格版_标签统一_20260413_0912.csv
重庆市,2014,3,0.7777777777777777,2.3333333333333335,1.0,303.3333333333333,1.0,133.33333333333334,0.3333333333333333,0.6666666666666666,0.6666666666666666,0.3333333333333333,0.0,1.0,1.0,candidate_project_level_proxy_not_registry_derived,C:\Users\陈楚玲\Desktop\ppp论文数据\codex项目\ppp论文数据\02_第9部分_最终可用内容\（补充）项目级建模底表\PPP_project_level_risk_model_data_v3_无泄漏严格版_标签统一_20260413_0912.csv
重庆市,2015,8,1.0,3.0,1.0,277.25,1.0,207.875,1.0,47.25,1.0,0.0,0.0,1.0,1.0,candidate_project_level_proxy_not_registry_derived,C:\Users\陈楚玲\Desktop\ppp论文数据\codex项目\ppp论文数据\02_第9部分_最终可用内容\（补充）项目级建模底表\PPP_project_level_risk_model_data_v3_无泄漏严格版_标签统一_20260413_0912.csv
重庆市,2016,4,1.0,3.0,1.0,272.25,1.0,227.25,1.0,73.5,1.0,0.0,0.0,1.0,1.0,candidate_project_level_proxy_not_registry_derived,C:\Users\陈楚玲\Desktop\ppp论文数据\codex项目\ppp论文数据\02_第9部分_最终可用内容\（补充）项目级建模底表\PPP_project_level_risk_model_data_v3_无泄漏严格版_标签统一_20260413_0912.csv
重庆市,2017,7,0.9047619047619048,2.7142857142857144,1.0,302.2857142857143,1.0,167.14285714285714,0.7142857142857143,38.714285714285715,1.0,0.0,0.0,1.0,1.0,candidate_project_level_proxy_not_registry_derived,C:\Users\陈楚玲\Desktop\ppp论文数据\codex项目\ppp论文数据\02_第9部分_最终可用内容\（补充）项目级建模底表\PPP_project_level_risk_model_data_v3_无泄漏严格版_标签统一_20260413_0912.csv
重庆市,2018,15,0.9777777777777777,2.933333333333333,1.0,324.1333333333333,1.0,117.4,0.9333333333333333,65.93333333333334,0.8666666666666667,0.13333333333333333,0.0,1.0,1.0,candidate_project_level_proxy_not_registry_derived,C:\Users\陈楚玲\Desktop\ppp论文数据\codex项目\ppp论文数据\02_第9部分_最终可用内容\（补充）项目级建模底表\PPP_project_level_risk_model_data_v3_无泄漏严格版_标签统一_20260413_0912.csv
重庆市,2019,10,1.0,3.0,1.0,310.6,1.0,116.4,1.0,68.2,0.6,0.4,0.0,1.0,1.0,candidate_project_level_proxy_not_registry_derived,C:\Users\陈楚玲\Desktop\ppp论文数据\codex项目\ppp论文数据\02_第9部分_最终可用内容\（补充）项目级建模底表\PPP_project_level_risk_model_data_v3_无泄漏严格版_标签统一_20260413_0912.csv
重庆市,2020,17,1.0,3.0,1.0,263.5882352941176,1.0,148.41176470588235,1.0,10.941176470588236,0.5882352941176471,0.4117647058823529,0.0,1.0,1.0,candidate_project_level_proxy_not_registry_derived,C:\Users\陈楚玲\Desktop\ppp论文数据\codex项目\ppp论文数据\02_第9部分_最终可用内容\（补充）项目级建模底表\PPP_project_level_risk_model_data_v3_无泄漏严格版_标签统一_20260413_0912.csv
重庆市,2021,11,1.0,3.0,1.0,208.8181818181818,1.0,153.45454545454547,1.0,36.09090909090909,0.18181818181818182,0.8181818181818182,0.0,1.0,1.0,candidate_project_level_proxy_not_registry_derived,C:\Users\陈楚玲\Desktop\ppp论文数据\codex项目\ppp论文数据\02_第9部分_最终可用内容\（补充）项目级建模底表\PPP_project_level_risk_model_data_v3_无泄漏严格版_标签统一_20260413_0912.csv
重庆市,2022,14,1.0,3.0,1.0,274.2142857142857,1.0,194.42857142857142,1.0,73.71428571428571,0.0,1.0,0.0,1.0,1.0,candidate_project_level_proxy_not_registry_derived,C:\Users\陈楚玲\Desktop\ppp论文数据\codex项目\ppp论文数据\02_第9部分_最终可用内容\（补充）项目级建模底表\PPP_project_level_risk_model_data_v3_无泄漏严格版_标签统一_20260413_0912.csv
陕西省,2013,1,1.0,3.0,1.0,278.0,1.0,22.0,1.0,2.0,1.0,0.0,0.0,1.0,1.0,candidate_project_level_proxy_not_registry_derived,C:\Users\陈楚玲\Desktop\ppp论文数据\codex项目\ppp论文数据\02_第9部分_最终可用内容\（补充）项目级建模底表\PPP_project_level_risk_model_data_v3_无泄漏严格版_标签统一_20260413_0912.csv
陕西省,2014,6,1.0,3.0,1.0,261.3333333333333,1.0,229.83333333333334,1.0,114.5,1.0,0.0,0.0,1.0,1.0,candidate_project_level_proxy_not_registry_derived,C:\Users\陈楚玲\Desktop\ppp论文数据\codex项目\ppp论文数据\02_第9部分_最终可用内容\（补充）项目级建模底表\PPP_project_level_risk_model_data_v3_无泄漏严格版_标签统一_20260413_0912.csv
陕西省,2015,25,0.9733333333333333,2.92,1.0,234.0,1.0,176.2,0.92,45.64,0.88,0.12,0.0,1.0,1.0,candidate_project_level_proxy_not_registry_derived,C:\Users\陈楚玲\Desktop\ppp论文数据\codex项目\ppp论文数据\02_第9部分_最终可用内容\（补充）项目级建模底表\PPP_project_level_risk_model_data_v3_无泄漏严格版_标签统一_20260413_0912.csv
陕西省,2016,71,0.976525821596244,2.9295774647887325,1.0,266.76056338028167,1.0,151.46478873239437,0.9295774647887324,70.59154929577464,0.9577464788732394,0.04225352112676056,0.0,1.0,1.0,candidate_project_level_proxy_not_registry_derived,C:\Users\陈楚玲\Desktop\ppp论文数据\codex项目\ppp论文数据\02_第9部分_最终可用内容\（补充）项目级建模底表\PPP_project_level_risk_model_data_v3_无泄漏严格版_标签统一_20260413_0912.csv
陕西省,2017,89,0.9925093632958801,2.9775280898876404,1.0,307.4943820224719,1.0,194.64044943820224,0.9775280898876404,70.95505617977528,0.8651685393258427,0.1348314606741573,0.0,1.0,1.0,candidate_project_level_proxy_not_registry_derived,C:\Users\陈楚玲\Desktop\ppp论文数据\codex项目\ppp论文数据\02_第9部分_最终可用内容\（补充）项目级建模底表\PPP_project_level_risk_model_data_v3_无泄漏严格版_标签统一_20260413_0912.csv
陕西省,2018,38,1.0,3.0,1.0,319.6842105263158,1.0,191.6578947368421,1.0,51.55263157894737,0.6052631578947368,0.3684210526315789,0.02631578947368421,1.0,1.0,candidate_project_level_proxy_not_registry_derived,C:\Users\陈楚玲\Desktop\ppp论文数据\codex项目\ppp论文数据\02_第9部分_最终可用内容\（补充）项目级建模底表\PPP_project_level_risk_model_data_v3_无泄漏严格版_标签统一_20260413_0912.csv
陕西省,2019,12,1.0,3.0,1.0,313.0833333333333,1.0,189.75,1.0,31.333333333333332,0.25,0.75,0.0,1.0,1.0,candidate_project_level_proxy_not_registry_derived,C:\Users\陈楚玲\Desktop\ppp论文数据\codex项目\ppp论文数据\02_第9部分_最终可用内容\（补充）项目级建模底表\PPP_project_level_risk_model_data_v3_无泄漏严格版_标签统一_20260413_0912.csv
陕西省,2020,7,1.0,3.0,1.0,256.14285714285717,1.0,186.0,1.0,74.42857142857143,0.2857142857142857,0.7142857142857143,0.0,1.0,1.0,candidate_project_level_proxy_not_registry_derived,C:\Users\陈楚玲\Desktop\ppp论文数据\codex项目\ppp论文数据\02_第9部分_最终可用内容\（补充）项目级建模底表\PPP_project_level_risk_model_data_v3_无泄漏严格版_标签统一_20260413_0912.csv
陕西省,2021,6,1.0,3.0,1.0,227.16666666666666,1.0,256.5,1.0,10.0,0.16666666666666666,0.8333333333333334,0.0,1.0,1.0,candidate_project_level_proxy_not_registry_derived,C:\Users\陈楚玲\Desktop\ppp论文数据\codex项目\ppp论文数据\02_第9部分_最终可用内容\（补充）项目级建模底表\PPP_project_level_risk_model_data_v3_无泄漏严格版_标签统一_20260413_0912.csv
陕西省,2022,5,1.0,3.0,1.0,195.2,1.0,229.4,1.0,34.8,0.0,1.0,0.0,1.0,1.0,candidate_project_level_proxy_not_registry_derived,C:\Users\陈楚玲\Desktop\ppp论文数据\codex项目\ppp论文数据\02_第9部分_最终可用内容\（补充）项目级建模底表\PPP_project_level_risk_model_data_v3_无泄漏严格版_标签统一_20260413_0912.csv
青海省,2014,2,1.0,3.0,1.0,285.5,1.0,110.5,1.0,75.0,1.0,0.0,0.0,1.0,1.0,candidate_project_level_proxy_not_registry_derived,C:\Users\陈楚玲\Desktop\ppp论文数据\codex项目\ppp论文数据\02_第9部分_最终可用内容\（补充）项目级建模底表\PPP_project_level_risk_model_data_v3_无泄漏严格版_标签统一_20260413_0912.csv
青海省,2015,9,1.0,3.0,1.0,346.8888888888889,1.0,139.55555555555554,1.0,47.333333333333336,0.7777777777777778,0.0,0.2222222222222222,1.0,1.0,candidate_project_level_proxy_not_registry_derived,C:\Users\陈楚玲\Desktop\ppp论文数据\codex项目\ppp论文数据\02_第9部分_最终可用内容\（补充）项目级建模底表\PPP_project_level_risk_model_data_v3_无泄漏严格版_标签统一_20260413_0912.csv
青海省,2016,5,1.0,3.0,1.0,132.6,1.0,79.4,1.0,21.0,1.0,0.0,0.0,1.0,1.0,candidate_project_level_proxy_not_registry_derived,C:\Users\陈楚玲\Desktop\ppp论文数据\codex项目\ppp论文数据\02_第9部分_最终可用内容\（补充）项目级建模底表\PPP_project_level_risk_model_data_v3_无泄漏严格版_标签统一_20260413_0912.csv
青海省,2017,14,1.0,3.0,1.0,185.07142857142858,1.0,105.78571428571429,1.0,33.0,0.8571428571428571,0.14285714285714285,0.0,1.0,1.0,candidate_project_level_proxy_not_registry_derived,C:\Users\陈楚玲\Desktop\ppp论文数据\codex项目\ppp论文数据\02_第9部分_最终可用内容\（补充）项目级建模底表\PPP_project_level_risk_model_data_v3_无泄漏严格版_标签统一_20260413_0912.csv
青海省,2018,4,1.0,3.0,1.0,311.25,1.0,167.25,1.0,39.0,0.75,0.25,0.0,1.0,1.0,candidate_project_level_proxy_not_registry_derived,C:\Users\陈楚玲\Desktop\ppp论文数据\codex项目\ppp论文数据\02_第9部分_最终可用内容\（补充）项目级建模底表\PPP_project_level_risk_model_data_v3_无泄漏严格版_标签统一_20260413_0912.csv
青海省,2019,5,1.0,3.0,1.0,160.4,1.0,195.0,1.0,76.0,0.4,0.6,0.0,1.0,1.0,candidate_project_level_proxy_not_registry_derived,C:\Users\陈楚玲\Desktop\ppp论文数据\codex项目\ppp论文数据\02_第9部分_最终可用内容\（补充）项目级建模底表\PPP_project_level_risk_model_data_v3_无泄漏严格版_标签统一_20260413_0912.csv
青海省,2020,3,1.0,3.0,1.0,201.33333333333334,1.0,210.66666666666666,1.0,22.333333333333332,0.6666666666666666,0.3333333333333333,0.0,1.0,1.0,candidate_project_level_proxy_not_registry_derived,C:\Users\陈楚玲\Desktop\ppp论文数据\codex项目\ppp论文数据\02_第9部分_最终可用内容\（补充）项目级建模底表\PPP_project_level_risk_model_data_v3_无泄漏严格版_标签统一_20260413_0912.csv
黑龙江省,2014,2,1.0,3.0,1.0,187.5,1.0,183.0,1.0,3.0,1.0,0.0,0.0,1.0,1.0,candidate_project_level_proxy_not_registry_derived,C:\Users\陈楚玲\Desktop\ppp论文数据\codex项目\ppp论文数据\02_第9部分_最终可用内容\（补充）项目级建模底表\PPP_project_level_risk_model_data_v3_无泄漏严格版_标签统一_20260413_0912.csv
黑龙江省,2015,10,1.0,3.0,1.0,311.5,1.0,221.1,1.0,94.4,1.0,0.0,0.0,1.0,1.0,candidate_project_level_proxy_not_registry_derived,C:\Users\陈楚玲\Desktop\ppp论文数据\codex项目\ppp论文数据\02_第9部分_最终可用内容\（补充）项目级建模底表\PPP_project_level_risk_model_data_v3_无泄漏严格版_标签统一_20260413_0912.csv
黑龙江省,2016,18,0.9814814814814815,2.9444444444444446,1.0,320.44444444444446,1.0,171.83333333333334,0.9444444444444444,62.22222222222222,0.9444444444444444,0.05555555555555555,0.0,1.0,1.0,candidate_project_level_proxy_not_registry_derived,C:\Users\陈楚玲\Desktop\ppp论文数据\codex项目\ppp论文数据\02_第9部分_最终可用内容\（补充）项目级建模底表\PPP_project_level_risk_model_data_v3_无泄漏严格版_标签统一_20260413_0912.csv
黑龙江省,2017,32,1.0,3.0,1.0,276.40625,1.0,168.1875,1.0,45.75,0.9375,0.0625,0.0,1.0,1.0,candidate_project_level_proxy_not_registry_derived,C:\Users\陈楚玲\Desktop\ppp论文数据\codex项目\ppp论文数据\02_第9部分_最终可用内容\（补充）项目级建模底表\PPP_project_level_risk_model_data_v3_无泄漏严格版_标签统一_20260413_0912.csv
黑龙江省,2018,13,0.9743589743589743,2.923076923076923,1.0,315.38461538461536,1.0,193.0,0.9230769230769231,17.53846153846154,0.6923076923076923,0.3076923076923077,0.0,1.0,1.0,candidate_project_level_proxy_not_registry_derived,C:\Users\陈楚玲\Desktop\ppp论文数据\codex项目\ppp论文数据\02_第9部分_最终可用内容\（补充）项目级建模底表\PPP_project_level_risk_model_data_v3_无泄漏严格版_标签统一_20260413_0912.csv
黑龙江省,2019,14,1.0,3.0,1.0,310.2142857142857,1.0,171.14285714285714,1.0,37.642857142857146,0.8571428571428571,0.14285714285714285,0.0,1.0,1.0,candidate_project_level_proxy_not_registry_derived,C:\Users\陈楚玲\Desktop\ppp论文数据\codex项目\ppp论文数据\02_第9部分_最终可用内容\（补充）项目级建模底表\PPP_project_level_risk_model_data_v3_无泄漏严格版_标签统一_20260413_0912.csv
黑龙江省,2020,9,1.0,3.0,1.0,286.55555555555554,1.0,147.11111111111111,1.0,20.11111111111111,0.6666666666666666,0.3333333333333333,0.0,1.0,1.0,candidate_project_level_proxy_not_registry_derived,C:\Users\陈楚玲\Desktop\ppp论文数据\codex项目\ppp论文数据\02_第9部分_最终可用内容\（补充）项目级建模底表\PPP_project_level_risk_model_data_v3_无泄漏严格版_标签统一_20260413_0912.csv
黑龙江省,2021,24,1.0,3.0,1.0,199.625,1.0,118.625,1.0,52.041666666666664,0.25,0.75,0.0,1.0,1.0,candidate_project_level_proxy_not_registry_derived,C:\Users\陈楚玲\Desktop\ppp论文数据\codex项目\ppp论文数据\02_第9部分_最终可用内容\（补充）项目级建模底表\PPP_project_level_risk_model_data_v3_无泄漏严格版_标签统一_20260413_0912.csv
黑龙江省,2022,10,1.0,3.0,1.0,185.3,1.0,126.6,1.0,22.0,0.0,1.0,0.0,1.0,1.0,candidate_project_level_proxy_not_registry_derived,C:\Users\陈楚玲\Desktop\ppp论文数据\codex项目\ppp论文数据\02_第9部分_最终可用内容\（补充）项目级建模底表\PPP_project_level_risk_model_data_v3_无泄漏严格版_标签统一_20260413_0912.csv
